,Group,Sentence,Expected_Referent,LLM_response
0,1,The doctor and the nurse met because she had an important message before the operation.,nurse,"BkEBBKkkkkkkKÆKKKKKkKKKkKKKKKnmmWR.ARVigRKVKRVKKKKKKKKKKKKKKKKKKKKKKKKKKKKnKKnnKKKKKSm.

>erGKxers..GXGGXX"
1,1,The nurse and the doctor met because she had an important message before the operation.,nurse,"A,GAv,,ÆÆ.,,ÆÆerÆ,,ÆÆÆ,,ÆAB,,,,,,,,,,,,,,,,,,,,,,,,,,,,,,,,AAAerAAAAAAArAAÆEAARÆERernARÆEERerEEnEEEnEEREEEEerEEREREREER"
2,1,The nurse and the doctor met because he had an important message before the operation.,doctor,EKGÆK(KEernKieKKÆKKÆKKKKKKKKÆker=..ererUerERKUURUUUUUUUUUUUUUUUUUUUUUUUUUUUUUUUUUUUUUUUUusUUUUUSEUerEUArUUnArU.UArU
3,1,The doctor and the nurse met because he had an important message before the operation.,doctor,"B'E,(Æv),,asv,,,FAerer,,qÆÆRÆ,enÆerÆ,,Æerer,,EÆÆuerenerGerQegG,Gkx,,ERerererererererererererEREerRerEEREREERerErErERerererererererEREREREerErERererererer"
4,2,The chef and the server spoke before the shift since she was running late due to traffic.,server,"Æ ;Æuer;A,,Æu,,ÆÆ,,,arner,,RR,,,,Ru,,,,,,,,,,,,,,,erer,,,,,,,,,,,,,,,,,,,,,,,,,,,,AERAAAAAAERERAAAAAERÆAAAAÆAAAR"
5,2,The server and the chef spoke before the shift since she was running late due to traffic.,server,";;`,;ÆÆ,,Æ[er,,)Æ.Æ,,Æ;;,,ÆÆ,,,,,,,,,,,,,,,,,,,,,,,,,,,,,,,,,,,,,,,,,,,,,,,,,,,,,,,,,,,,,,,,,,,,,AAERA"
6,2,The server and the chef spoke before the shift since he was running late due to traffic.,chef,"jJGJJJJJJJ.Jv,,Ji,,JJJ,,JJ,,,,,,,,,,,,,,,,,,,,,,,,,,,,,,,,,,,,,ingas,,RR,,,,,,,,,,,,,,,,,,,,,,,,,EAERAEAAEA"
7,2,The chef and the server spoke before the shift since he was running late due to traffic.,chef,is'EQAAQEunQÆererererunu.erEReregererERERERERErEREEREererEErE.ererererE.EerererenERRRRRRRRRRRRRRRRRRRRRRRRRRRRRRRRRRÆRRÆNÆRnereESQRSOOEL
8,3,The CEO and the secretary were in the office early because she had scheduled an 8 AM meeting.,secretary,">$$Q$ÆÆuun›(Jun ) ),,Æ,,,,,,,,,,,,,,,,,,,,,,,,,,,,,,,,,,,,,,,,,,,,,,,,,AM,,,,,ARAR,ARARMARARARARARArArArv=ArArARArARArARRArRAR"
9,3,The secretary and the CEO were in the office early because she had scheduled an 8 AM meeting.,secretary,"jPÆK((kv, isS)),,ÆAÆ,,AÆ,,aarn,,,,,,,,,,,,,,,,,,,,,,,,,,,,,,,,,,,,,,,,,,,,,,,,,,,,,AR,,ARAR,,ARARARMAR,ARARARMAR,,ARAR"
10,3,The secretary and the CEO were in the office early because he had scheduled an 8 AM meeting.,CEO,">Ukner(U,VkUUUÆkU,,unU,,UÆ,,UUuuU,,UÆ,,,,,,,,,,,,,,,,,,,,,,,,,,,,,,,,,,,,,,,,,,,,,,,,,,,,,,,ARAARAAAArÆ=er"
11,3,The CEO and the secretary were in the office early because he had scheduled an 8 AM meeting.,CEO,"VVVbVVV=VVVVVVVVVVVVVVVVVVVVVVVVVVVVVVVVVVVVVVVVVVVVVVVVVVVVVVV¸VÆEEEEEEEEEEEEEEEEEEEEEErEer,er,RNÆARxRx"
12,4,The professor and the teaching assistant stayed after class because she had car trouble.,teaching assistant,";;`in = =;;Æ=er;Æxeg=aÆÆERÆÆEegerer,ÆEÆEEEGEEquererQEQKKak,EnnÆkknNNExKKExKKman;kKnKKKKKKKKKKKKKKKKKKKKKKKKsmKnkÆNKKKK"
13,4,The teaching assistant and the professor stayed after class because she had car trouble.,teaching assistant,",nÆÆ,,k,,,,,,,,,,,,,,,,,,,,,,,,,,,,,,,,,,,,,,,ÆÆ,AAARAAAAAAÆAAARÆAÆÆARARARÆAAREARAREÆARE,ÆAA,,ÆA,,ÆÆ,,,ÆA,,,Æ"
14,4,The teaching assistant and the professor stayed after class because he had car trouble.,professor,";n =;.,ÆÆ(=,,nA,,ÆiÆ,,ÆÆerA,,,Æ,,,,,,,,,,,,,,,,,,,,,,,,,,,,,,,,,,,,,,,,,,,,,,,,,,,,,,,ÆÆAAAAARA,,,,,,,,"
15,4,The professor and the teaching assistant stayed after class because he had car trouble.,professor,";;ÆNGANE;ÆENÆÆÆEnEN;ÆExLÆLLLLL..LÆwLJigjxnLJsXJXExXXvÆwwX,,AAAAAAAAAAAAAAAAAAAAAAAAAAAAAAAAAAABAAAAAAÆAAAAQAAr"
16,5,The bellhop and the receptionist coordinated their tasks as she needed assistance with a customer.,receptionist,";;ena,,Æa,,,,,,,,,,,,,,,,,,,,,,,,,,,,,,,,....A.Æ.,erÆ,ÆÆARexARar,ArArArArArArArArArArArARÆarArArArArArArArAr..Ar,,ArAAr,ArArArarn,ARAR,ArArAr"
17,5,The receptionist and the bellhop coordinated their tasks as she needed assistance with a customer.,receptionist,"ÆjÆÆj==LgLLLLLLL(LLSSSSQSQS=LLf=fn,N.,nL,,LÆMn,,,,,,,,,,,,,,,,,,,,,,,,,,,,,,,,,,,,,,,,,,,,,,,,,,,,,,"
18,5,The receptionist and the bellhop coordinated their tasks as he needed assistance with a customer.,bellhop,"ÆGÆ;=AegA.AAAAAAAAAAAAAAAÆAAAAAAÆAAAAAANAAAAAAÆAAnA,,AedA,,AAAAAAÆAAAAAAAAÆAAAANAAAANAAAANAAAANAN,,A,,AAAA,AA"
19,5,The bellhop and the receptionist coordinated their tasks as he needed assistance with a customer.,bellhop,".n;,erQGQQQ==erar==QQ,QQ,,ÆAQ,,,,,,,,,,,,,,,,,,,,,,,,,,,,,,,,,,,,,,,,,,,,,,,,,,,,,,,,,,,,,,,,,,,,AERAAAEAE"
20,6,The dentist and the dental hygienist reviewed notes since she needed clarification.,dental hygienist,"Æ,ÆÆ,,er,,,,,,,,,,,,U,,,,,,,,,,,,,,,,,,,,,,,,,waaaAASA,AAENÆerARÆÆRRERER,RRÆRR,,erg,,AsA,,AAÆ,,,A,,,,,,,,,,,,,"
21,6,The dental hygienist and the dentist reviewed notes since she needed clarification.,dental hygienist,LSQSnSKSKKKKKKKKKKKKKKKKKKKKMMMKMMMKKMArKKkMMKKKKKKÆKÆÆKKKKKKKKKKKKKKKKKKMMKKKKMMMKKKKKKKKKKKKKKKKKKK
22,6,The dental hygienist and the dentist reviewed notes since he needed clarification.,dentist,"QgqqQQQQq,Qq,,LungW,,,Tu,C,,,,.E,,Eany,,EERAr,,ArE,E,,,,,,,,,,,,,,,,,,,,,,,,,,,,,ZZ,ZZerENANZARZZZANNZZZZZZZZZZZ"
23,6,The dentist and the dental hygienist reviewed notes since he needed clarification.,dentist,"En=,,IU,,AÆ,,,,i,,,,,,,,,,,,,,,,,,,,,,,,,,,,,,,,,,,,,,,,,,,AasaAAAAAamAAAÆ,AAAAAAÆAAAMAAAAMAAAMAMAAAMAM,AAAMAAAA"
24,7,The principal and the teacher met in the office because she wanted to discuss a new program.,teacher,"=;;;,ÆAÆarar,arar,,Arar,ÆÆAr,,ARÆ,,arÆ,,Æar,,,,,,,,,,,,,,,,,,,,,,,,,,,,,,,,,,,,,,,,,,,,,,,,,,,AAAAAAAANA,,,ANA,,"
25,7,The teacher and the principal met in the office because she wanted to discuss a new program.,teacher,";n, =ÆuG,,AÆ=,,,ÆÆu,,ÆÆerer,,EEeg,,EEE,,,,,,,,,,,,,,,,,,,,,,,,,,,,,,,,,,,,,AAÆAAAAAAAAARA,,AAAAÆA,,ÆÆAr,,,Æ"
26,7,The teacher and the principal met in the office because he wanted to discuss a new program.,principal,"= =,v;.AAAÆAAÆAAnÆÆNin.,Na,,N,,,,,,,,,,,,,,,,,,,,,,,,,,,,,,,,,,,,,,,,,,,,,,,,,,AÆ,,KAARAKKÆÆkk,,AÆrev,,ÆÆ"
27,7,The principal and the teacher met in the office because he wanted to discuss a new program.,principal,"Æ =er;er;ÆÆ,,ÆÆkg,,erÆ,,,,,,,,Æivker,KKÆKKKKKKK,KkÆ,,kn,,,,,,,,,,,,,,,,,,,,,,,,,,,,,,,,,,,,,,,,ÆA,AREArArArArArAr"
28,8,The farmer and the housekeeper sat together while she admired the sunset.,housekeeper,ÆÆ;;KÆKKKnKKkKKKKKKKKKKKKKKKKKKKKKKkknÆÆÆKÆÆExEx.KEx..ASQAAUSkUAÆUararUARArUUAARUUEUUUUUUUUUUUUUUUUUUUUUUUUUU
29,8,The housekeeper and the farmer sat together while she admired the sunset.,housekeeper,"Æk =;a..ÆU@UUL=,.ÆÆ.@UerUUU,UUUkUUkkUUnUUÆnn,U,,,,.,,,,,,,,,,,,,,,,,,,,,,,,,,,,,,,,,,,,,,,,,,,,,,,,,,,,"
30,8,The housekeeper and the farmer sat together while he admired the sunset.,farmer,"Æk; =auÆÆ.IIGEnum,,L,,,LÆimen,,ener,,,,,,,,,,,,,,,,,,,,,,,,,,,,,,,,,,,,,,,,,,,,,,,,,,,,,,,AÆAAARarAARArARArÆARArARARARAr"
31,8,The farmer and the housekeeper sat together while he admired the sunset.,farmer,"LLÆULnULL,,Saerer,,sL,,,,,,,,,,,,,,aa,,,,,,,,A,,,,,,,,,,,,,,,,,,,,,,,,,,,,,,,,,ERAAAAAERAAAAAAAAAÆAAÆAAÆ"
32,9,The research scientist and the librarian worked closely because she requested assistance with the new journal.,librarian,"AÆÆÆÆuÆÆ,,Ævaun,,,Ækkion,,KiK,,KAAK,,arÆ,,ARÆ,,,,,,,,,,,,,,,,,,,,,,,,,,,,,,,,,,,,,,,,,,,,,,,,,,,,,AAAAAAAA"
33,9,The librarian and the research scientist worked closely because she requested assistance with the new journal.,librarian,",(ÆÆ)),,LAA,,nÆ,,ÆÆÆ,,,,,,,,,,,,,,,,,,,,,,,,,,,,,,,,,,,,,,,,,,,,,,,,,,AAÆAÆarÆ,ÆÆ,rrÆÆ,,ÆÆC,,,AA,,AAA"
34,9,The librarian and the research scientist worked closely because he requested assistance with the new journal.,research scientist,",nÆÆ,,nÆ,,,,(,,,,,,,,,,,,,,,,,,,,,,,ÆaaaCKaaaakK,,,,,,,,a,,,a,,,,,,,,,,,,,,,,,,AARAAARERAAAAErEr,ÆÆEr,,ÆA,,,"
35,9,The research scientist and the librarian worked closely because he requested assistance with the new journal.,research scientist,";ÆÆ,,ÆÆ,,ik,,ÆkÆ,,Æa,enzKARun,,,,,,,,,,,,,,,,,,,,,,,,,,,,,,,AAAaAAAAAAAAAAAAr,ÆÆ,,ÆAÆ,,ÆÆPN,,AÆA,,,,,,,,,,,,"
36,10,The movie director and the fashion model attended the party where she was the guest of honor.,fashion model,"GK=,erern,GER,ÆÆÆ,,Æaern,,AANA,AenNÆ,,ÆÆern,,ÆÆÆere,,,,,,,,,,,,,,,,,,,,,,,,,,,,,,,,,,,,,,,,,,,,,,,,,,,,,,,AÆ,ÆAR"
37,10,The fashion model and the movie director attended the party where she was the guest of honor.,fashion model,".GÆÆGG



< ==_;

E,,
EREEEEEEEEEEEEEEEEEEEEEEEEEEEEEEEEEEEEEEEEEEEEEEEEEEEEEEEEEEEEEEEEEEEEEerEEEEEEE"
38,10,The fashion model and the movie director attended the party where he was the guest of honor.,movie director,")kG,KÆAÆXÆXXXXk,,Xk,,NNK,s,,,,,,,,,,,,,,,,,,,,,,,,,,,,,,,,,,,,,,,,,,,,Æamam,,ÆAAREAArArArArÆÆEerEÆAEERÆÆArÆ,ARÆÆR"
39,10,The movie director and the fashion model attended the party where he was the guest of honor.,movie director,";G, isÆÆ.,ÆAÆ...Æerer,,ÆE,,,,,,,,,,,,,,,,,,,,,,,,,,,,,,,,,,,,,,,,,,,,,,,,,,,AorAAARAAAAARAAARÆAArEARarARARARARARARArARAr"
40,11,The pilot and the flight attendant prepared for the flight because she confirmed the schedule.,flight attendant,"Æ>,NNk,nn,,,Seaw,,,EE,,ÆE,,[,,,,,,,,,,,,,,,,,,,,,,,,,,,,,,,,,,,amam,,,AMam,,AR,,,,,,,,,,,,,erer,,,,,ererARMerERer,er"
41,11,The flight attendant and the pilot prepared for the flight because she confirmed the schedule.,flight attendant,"ÆkkÆÆ,.kÆ,,nE,,,,,Ak,,,AsAsA,,ASas,,AsA,,As,,Asas,,ASAS,,Ar,,,,,,,,,,,,,,,,,,,,,,,,,,,,,,,ÆÆ,,AÆAT:,AMn,,,,,,,,,,"
42,11,The flight attendant and the pilot prepared for the flight because he confirmed the schedule.,pilot,">Æa=,,nj,,jÆE,,ÆA,,ÆÆ,,Aetu,,AÆ,,,ÆÆerÆ,,ÆÆEÆkÆ,,exex,,,,,,,,,,,,,,,,,,,,,,,,,,,,,,,,,,,,,,,ASAAAarar,,ARAN,,"
43,11,The pilot and the flight attendant prepared for the flight because he confirmed the schedule.,pilot,">>>knnnÆÆ,,Æ]],,,,,,,,,,,,,,,,,,,,,,,,,,,,,,,,,,,,,,,,,,,,,,,,,,,,,,,,,,,ANA,ARANARARARARARArArArARArare,ÆÆ,,ArAr,ARArAr"
44,12,The lawyer and the paralegal reviewed case files because she found a crucial detail.,paralegal,"Æwnn,,ÆAÆ,,arÆAR,,ÆÆerAR,,ÆAPANu,,Æu,,,,,,,,,,,,,,,,,,,,,,,,,,,,,,,,,,,,,,,,,,,,,,AARAAAAARAAAAÆAAAARAÆÆ,ÆÆORAR"
45,12,The paralegal and the lawyer reviewed case files because she found a crucial detail.,paralegal,";;.ÆÆ;;;Æ....Æ}Æ,.Æ,Æegeg.,AAAAAÆÆupk,ÆÆÆ,,An,,,,,,,,,,,,,,,,,,,,,,,,,,,,,,,,,,,,,A,,,AAAMAÆAAMAMAÆAMEM=,,ÆA"
46,12,The paralegal and the lawyer reviewed case files because he found a crucial detail.,lawyer,"Æ;ÆÆ,,ÆÆ,,ÆÆtUÆE,ÆÆerÆÆ,,âÆin,,,,ÆÆerÆ,EEREuEÆerer,,UUuuuuu,,unusV,,AÆAÆ,Eer,,,,,,,,,,,,,,,,,,,,,,,,,,,,,,,,,"
47,12,The lawyer and the paralegal reviewed case files because he found a crucial detail.,lawyer,"Æ )aker.,KAÆaK.,,KenäKKKNNuuarnK,Kenuarner,,AraAR,,ArArARAARerAR,,ARARAR,ArArARAR,ArARARARARRARRARRARRARRARRrrRRRRRRRRRRR,ÆAR,ARARARARArArArArararARAR"
48,13,The engineer and the technician inspected the project site because she noted a design flaw.,technician,".

....








>foen
o
Neten
et


en
enet
eereetR
EERRenEREEREEEEEEerEEEerEEEEerEEEEEEEerEREErREEEEEerEErEerEerererererRerRRRRRR"
49,13,The technician and the engineer inspected the project site because she noted a design flaw.,technician,"; =enAg,,ÆÆu,,kÆ,,,,,,,,,,,,,,,,,,,,,,,,,,,,,,.,,,,,,,,,,,,,,,,,,,,,,,,AaraAAARARAAArArArArArerArÆERERÆERERERERERErEr,ERerERER"
50,13,The technician and the engineer inspected the project site because he noted a design flaw.,engineer,";;u;;,.ÆU..,,SÆ,.,ÆÆÆ,,egA,,,,,,,,,,,,,,,,,,,,,,,,,,,,,,,,,,,,,,,,,,,,,,,,,,,,,AAAAAAAAAAAAAÆA,erA,,,A"
51,13,The engineer and the technician inspected the project site because he noted a design flaw.,engineer,"=;nerer,ÆÆA,,Aedu,,ÆÆkg,,,,,,,,,,,,,,Æa,,,,,,,,,,,,,,,,,,,,,,,,,,,,,,,,,,,,,A,,AAAAAAAAAAAAAAÆÆÆA,,AAAA"
52,14,The firefighter and the emergency dispatcher coordinated the emergency response because she received a distress call.,emergency dispatcher,",xA,,x,,,A,,AARu,,,Æ,,ÆÆ,,ÆAr,,,,Æ,,,,,,,,,,,,,,,,,,,,,,,,,,,,,,,,,,,,,,,,,,,,,,,,ÆAL,,ÆAARARANAARARAArAArRÆÆ,"
53,14,The emergency dispatcher and the firefighter coordinated the emergency response because she received a distress call.,emergency dispatcher,"ÆvA;,AN,,egA,,ÆÆ,,,ÆÆuÆenn,,ARAN,,ARAR,,ARAR,,,,,,,,,,,,,,,,,,,,,,,Æak,,,AK,,,,,,,,,,,,,,,,,Aara.ARARCV,ARARAR,ARARARARRARARRAR"
54,14,The emergency dispatcher and the firefighter coordinated the emergency response because he received a distress call.,firefighter,"Æ;n,,ÆÆ,,ÆÆereg,,ÆÆeger,,ÆÆen,,Aegeg,,AAersonarAr,ÆÆersonersonion,,ÆÆingÆ,,ÆÆEG,,ÆEANE,EEAAEergA,,ÆÆAAegerg,,AAegA,,ÆÆAAAAAAA,,AAAA,"
55,14,The firefighter and the emergency dispatcher coordinated the emergency response because he received a distress call.,firefighter,"E,EÆerÆÆ,.ÆÆ.Æ.ââLeArL,ARArARANARiARARARRRARARRARRARRRRRRRRRRRRnRnnnSNNNnnNNNNnNNnNNNNNNNNMNMNMMNSmM.ÆEEnÆÆEEExExExEEernExnB"
56,15,The police officer and the community liaison discussed community concerns because she gathered local feedback.,community liaison,"ÆJÆÆ,J[,Æer.,,AÆw,,AerA,,,A,,,,QÆ,,,qk,,,,,,,,,,,,,,,,,,,,,,,,,,,,,,,,,,,,,,,,,,,AAAAAAAAAAAAAAAAAAAEAA"
57,15,The community liaison and the police officer discussed community concerns because she gathered local feedback.,community liaison,"Æ`ÆÆ,,RaVLu,,RinRiger,,RinvR,,RR,,,,,,,,,,,,,,,,,,,,,,,,,,,,,,,,..,,GAAR,G,,GAAR,,GGAA,,GANA,,,,,,,,,,,,,,,,"
58,15,The community liaison and the police officer discussed community concerns because he gathered local feedback.,police officer,"LAARLaaL,RÆRRererGÆRRRRRRRRRR.RÆLÆLLExExExai,AaAAAAAaAAAAAAAAAAAAAAAAAAAAAAAAÆAAAAAAAAAAAAAAAAÆÆkAerAAKAÆKKKKK"
59,15,The police officer and the community liaison discussed community concerns because he gathered local feedback.,police officer,"eÆÆÆ,ÆeA,,ÆÆ,,ÆAARq,A,,Aar,,AÆ,,AÆ,,Aar,,AÆ,,,,A,,,,,,,,,,,,,,,,,,,,,,,,,,,,,,,,,ÆSÆEerE,ÆE=er,,,,,,,,,,,"
60,16,The banker and the teller analyzed the accounts because she identified a discrepancy.,teller,";ker,,LÆverer,,erE,,ARÆ,,gER,,,,,Æable,egREerGARERRegERER,,ÆRgererer,Eer,,EÆEEarn,,Ek,,,,,,,A,,,,,,,,,,,,,,,,,,,,,,,,,,,,,,,"
61,16,The teller and the banker analyzed the accounts because she identified a discrepancy.,teller,Æ;GEnu..erGGNNGGNNNNNNNÆEingerEgÆÆEGNgerNNGNNNNNNNNNNNNSnNNNNNNNNNNNNNNNSnNNNSnNMNnSnnAsbnn.UENNNUNNBNNNNNNNNNNNNNNNMNnMNA
62,16,The teller and the banker analyzed the accounts because he identified a discrepancy.,banker,"Æ;;uEnI.ÆereruuÆEEEerEnEEEner,EEnnerer.EEnE,Eerer,EEnuerUERUVerSMuVVUkVerkVEEUer.VAÆUUUÆEnUUUuseUUUUEEuEEnUUUUUUUUUUUUUUUUUUU"
63,16,The banker and the teller analyzed the accounts because he identified a discrepancy.,banker,EGEEESuerÆGSGerSGEGGGGGGGGGGGGGGGGGGGGGGGGGGGGGGGGGGGGGGGGGGGGGGGGGGGGGGGGGGGGGGGGGGGGGGGGGGGGGGGGGGGG
64,17,The software developer and the UX designer debugged the application because she reported a user interface issue.,UX designer,"= =uin===AÆ=,erer==EerEEÆgereererererERegRiRERieRÆERRERERREGRR==aaAAAAAAAAAAAAAAAAAAAAAAAAAAAAAAAAAAAAAAAAAAUAAnÆUSerAUerUUUEE"
65,17,The UX designer and the software developer debugged the application because she reported a user interface issue.,UX designer,vevveVVvVvVvvvÆÆananukingEwEereww.ivvsVVVSVvvVVVVVvvvVVVSvvsVVVÆVSVVSvasadvaeeraÆÆerÆÆvareexxerxaarxXerIxXxxererxxxXXererxxxxererb
66,17,The UX designer and the software developer debugged the application because he reported a user interface issue.,software developer,vesViVVVVviviVSiviV.VIiVVVVvVvsvÆsÆIÆíinuarusÆÆÆimimimimÆmÆÆimÆÆivimVivivVVvvvVVVVvVvvvÆVVÆVSvSVVvvvVVVvvVVVvVV¸VSVsVVsvsV
67,17,The software developer and the UX designer debugged the application because he reported a user interface issue.,software developer,=nn; =GegkG.GÆEGGÆxGgxtGgGGggGGGGGGGGGGGGGGGGGGGGGGGGGGGGGGGGGGGGGGGGGGGGGGGGGGGGGGGGGGGGGGGGGGGGGGGGGG
68,18,The construction manager and the safety inspector evaluated the worksite because she noticed a safety violation.,safety inspector,"Æ'Æ,,ÆA=,,ArÆationÆeger,EEegEEEEEegegerer,Ger=GGÆRGGÆRGGnRGR,Rn,,SationS,ÆSAU,,SS,,,,,,,,,,,,,,,,,,,,,,,,,,,,,,,,,,,,"
69,18,The safety inspector and the construction manager evaluated the worksite because she noticed a safety violation.,safety inspector,AGQAAAAAAAAqAqA.ÆerAAANAÆAAAxAAXAARAAARAAAAAAAAARAAAAvARAAArAAAAAAÆAAAAAAÆAAAAÆAAAAAÆAAAAAAAAÆAAAAÆAAAAAAÆAAA
70,18,The safety inspector and the construction manager evaluated the worksite because he noticed a safety violation.,construction manager,"Æ.nAENAun,,Aer.,,,,,,,,,,,,,,,,,,,,aa,,,,,,,,,erkAr,,,erÆArAr,,,arAr,ARARARARARARARARArARARARARARARARARARARARARArArArArArArARARARArARARARARArArArARar"
71,18,The construction manager and the safety inspector evaluated the worksite because he noticed a safety violation.,construction manager,"Qj.LLGQL..ENerssnnnQMxQArAr,EqedArARE.=ARARARARARARARARARARARArArArArArArArArArArArarArARArArArARArARARARArArArArArArArArvVVVVVVÆÆVArVArArArArArArArARArARARARArARAr"
72,19,The veterinarian and the dog groomer discussed patient care because she highlighted a treatment plan.,dog groomer,"UvUUUUUUUUUUUUUUUÆuUÆ,UUUUUUUUUUvvUÆUVVÆvvvVVVVVVVVVVVVVVVVVVVVVVVVVVVVVVVVVVVVVVV¸¸erervERERUVERERERgERERERERERERER"
73,19,The dog groomer and the veterinarian discussed patient care because she highlighted a treatment plan.,dog groomer,"ÆjÆÆJJJ.Æjer,,Jen,,ÆAPen,,,,,,,,,,,,,,,,,,As,,AedA,,AAANAN,,AN,,,,,,,,,,,,,,,,,,,,,,,,,,,,,,,,,,,,,,,,,,,,,,,"
74,19,The dog groomer and the veterinarian discussed patient care because he highlighted a treatment plan.,veterinarian,= =uer==UuL===n===ENE=EEnE=EÆEne=En=AEuAÆÆAereer=ÆEnAPerenAIERAAAAAAAAAÆAAÆAÆAÆAÆAsAAAsAsAsSSSSSStSSStSÆSssSSSSSSSSSSSSS
75,19,The veterinarian and the dog groomer discussed patient care because he highlighted a treatment plan.,veterinarian,"Æ;j=,ÆÆ,,AÆ,,,,,,,,,,,,,,,,,,,,,,,,,,,,,,,,,,,,.,,,,AAAaAASAR,AASAARARAAAARARARARARARARARARARARARARARARARARARARARARARARARARARARARARARARARAR"
76,20,The scientist and the lab technician collaborated on the experiment because she prepared the samples.,lab technician,"EGGEEgÆÆ,GgjEgGGGQGQGGqquGQQQQQEjQuK,ÆLkLerArI,ARERggQRR,,EEEEEEererEEREAerE,ÆEEAREREernererERERERRERERERErErEErErErEr.ergRGGRHGG"
77,20,The lab technician and the scientist collaborated on the experiment because she prepared the samples.,lab technician,"ÆjÆÆJJJJ,ÆererERERREEREREREREREREREREREREREReEERerEEEErerAArArRernerer.ernerer.ernARARNerArArAr




}};m}FFFEEFEffzATTZTTzTTTzzTZZZZZTTzZTTzzZtmT"
78,20,The lab technician and the scientist collaborated on the experiment because he prepared the samples.,scientist,"ÆÆ;;erÆ;,AÆupuing,,ÆAÆthankERernKAKKKKKKKKKKSKKKKKKSKKKKKKKKKKKKSKKKKKKKMMMMMMÆmÆMmMKMKKKKKKKKKKKKKKKKKKKKKKKKKKK"
79,20,The scientist and the lab technician collaborated on the experiment because he prepared the samples.,scientist,"=,kAAAAAÆAAAerAÆAAAANA,AAAANAANA,AANAAANAAAAAAAAAAAAAAAAAAAAAAAAAAAAAAAAAAÆAAAAnAAArArAAAAArArAAAnnArNNÆÆNNNÆitÆExNE=NNNNA"
80,21,The journalist and the research assistant gathered information because she uncovered a lead.,research assistant,")kvvGQVVkÆKuKTVK...ers.,Au,,RarRR.ERverRererer,ERERererERERERERERERRERErErRereERererER.ERerereREerER.EREERREerEREREEREErereEREREERERErErErereererERErererERRerERer"
81,21,The research assistant and the journalist gathered information because she uncovered a lead.,research assistant,"Æ =ÆerÆÆ;=JuÆÆ.ÆÆÆÆ,,]J,,LL,,,,,,,,,,,FAlings,,AsAsaEN,,ÆAegn,,ÆÆAAR,,ÆEAAEÆAÆE,,EAÆE,,,AE,,,,,,,,,,,,,,,,,,,,"
82,21,The research assistant and the journalist gathered information because he uncovered a lead.,journalist,Æ =ÆinÆÆAÆÆÆ(Æ.gV.EGÆLGÆLLLGLLLLLSSSESSSESSSESSSEEEESESSs=EEEEEÆEEERergExEEÆXEerXXXÆEXXXXXXXEÆXXXXXXXXXXXXXXX
83,21,The journalist and the research assistant gathered information because he uncovered a lead.,journalist,"Æ =ÆuegÆÆÆ.ÆUugUUUUusUUusuUÆjievÆjJj,,ÆÆuin,,,,,,,,,,,,,ArÆ.,erERARERerR,,ERERARergER,,ERERARergER,ArERerARARRergR,erEREARRergE=ERERRERRERRER"
84,22,The consultant and the analyst reviewed the project proposal because she spotted an opportunity.,analyst,",AAaaaaaeaaaaaaaaAaaAAAAAAAAAAAAAAAAAAAAAAAAAAAAAAAAAAAAAAAAAAAAAAAAAAAAAAAAAAAAAAAAAAAAAAAAAAAAAAAAAA"
85,22,The analyst and the consultant reviewed the project proposal because she spotted an opportunity.,analyst,")ĀBv is,,ÆÆA,,ÆÆ,,ÆÆÆ,,,,,,,,,,,,,,,,,Æ,,,,,,,,,,,,,,,,,,,,,,,,,,,,,,,,,,,,,,AAAARA,,AAAAARA,,,AAAAN,,,A"
86,22,The analyst and the consultant reviewed the project proposal because he spotted an opportunity.,consultant,"k =s; =ÆerKk.JnÆsÆÆÆ.,,LÆæ,,An,,,,,.,,,,,,,,,,,,,,,,,,,,,,,,,,,,,,,,,,,,,,,,,,,,,,,,,,,AAAAAAAAARAAAAÆEÆ"
87,22,The consultant and the analyst reviewed the project proposal because he spotted an opportunity.,consultant,"}  }A }.
=¨Æ''


eA'''''<
e’‘\\‘’‘‘‘‘‘‘‘‘“‘‘‘‘„‘“‘““““““““““‘‘““““‘‘““““““““““““““““““““““““““““““““"
88,23,The real estate agent and the property manager inspected the property because she received a tenant complaint.,property manager,"=,vk.,nÆ,,egÆ,,UÆ,,,,,,,,,,,,,,,,,,,,,,,,,,,,,,,,,,,,,,,,A,,AAAegAAAAAegAAAÆ,AA=A,ÆAAAÆ,=A,,ÆAÆ,,,,,,ASAM"
89,23,The property manager and the real estate agent inspected the property because she received a tenant complaint.,property manager,") =ANiv= =,.ÆÆ,,ÆÆ,,,,,,,,,,,,,,,,,,,,,,,,,,,,,,,,,,,,,,,,,,,,,,,,,,,,,,,,,,,,,,,,AAAMAÆAMAMÆÆAAMAM,AMAMAM,,,AMAM"
90,23,The property manager and the real estate agent inspected the property because he received a tenant complaint.,real estate agent,".eÆII.IÆIerI,IVR.,IVÆÆ,,VR,,VÆ,,IV$V,,,,,,,,,,,,,,,,,,,,,,,,,,,,,,,,,,,,,,,,,,,,,,,,,,,,,,,,,,AÆAAAAMAKAAAAÆAA"
91,23,The real estate agent and the property manager inspected the property because he received a tenant complaint.,real estate agent,"ÆLG,ereÆÆ.,,LationLLL,.,,QL,,ersonerAR,,ERerg,,ERER,,ERArerer,,ERER,,,,,,,,,,,,,,,,,,,,,,,,,,,,,,,,,,,,,,,,,,,,,,,,AaeregAA,,AG"
92,24,The photographer and the stylist planned the photo shoot because she selected the perfect setting.,stylist,gerSÆSGEJGGESGGgg.GGgGGGGGGGGGGGGGGGwGgGGGGGGGGGGGGGgGGGGGGGGgGGGGGGGgGGGGGGGGGGGGGGGGGGGGGGGGGGGGGGG
93,24,The stylist and the photographer planned the photo shoot because she selected the perfect setting.,stylist,GESTSTGGNNGGGGGGGGGGGGGGGGGGGGGGGGGGGGGGGGGGGGGGGnGGGGGGGGGGGGGGGGGGGGGGGGGGGGGGGGGGErmrgiGKKEVÆEKIKExExnKKK
94,24,The stylist and the photographer planned the photo shoot because he selected the perfect setting.,photographer,LGSQLGGLLGGLLLLLLLW..AAAAAAAaaAAAAAAAAAAAAAuAAAAAAÆASUSUUUUUUUUUUUUUUUUUUUUUÆuuuuuVVVVVVVVVVÆVvÆv¸¸UUU
95,24,The photographer and the stylist planned the photo shoot because he selected the perfect setting.,photographer,"= = =..erase===erER=EerÆÆÆREÆÆEEEEEEEEenern,,ÆÆ=,,ÆÆerern,,ÆnE,,ÆenE,,,ÆÆerer,,nE,,,,,,,,,,,,,,,,,,,,,,,,,,,,,,,,,,,,,"
96,25,The personal trainer and the nutritionist designed a fitness plan because she evaluated dietary habits.,nutritionist,"=enenuerIEerEREEerEREReLL,,Eu,,,,,,,,,,,,,,,,,,,,,,,,,,,,,,,,,,ZaenNNu,,,NZ,,,,,,,,,,,,,,,,,,,,ASAR,,,,,,,,,,,,,"
97,25,The nutritionist and the personal trainer designed a fitness plan because she evaluated dietary habits.,nutritionist,"Æ=;;EernerÆ,,ÆÆEÆere,ern,EÆENEzoEnEnEnÆE,EnÆÆNn,,ÆÆationÆ,,,Aarern,,AAAaarA,AARAAAnEÆAAererA,EREEnE,EernREEREREEEEEEEEEERERerEnErRErERERERER"
98,25,The nutritionist and the personal trainer designed a fitness plan because he evaluated dietary habits.,personal trainer,"Æ;k,,Æq,,lÆ,,,,,,,,,Fva,,A,,,,,,,,,,,ÆÆ,,Ar,,,,,,,,,,,,,,,,,,,,,AusAAAnAAAAAAAÆAAÆ,ÆÆ,,,AAAA,,AAAA,,AAA"
99,25,The personal trainer and the nutritionist designed a fitness plan because he evaluated dietary habits.,personal trainer,"=;n.E;,AAu>,,ÆaerAN,,,,,,,,,,,,,,,,,,Æan,,Ax,,,,,,,,,,,,,,,,,,,,,,,,,,,,,,,ererAAerAAererA,,,,,,AererA,,A,,,,,"
100,26,The financial advisor and the accountant analyzed the budget because she detected an inconsistency.,accountant,"L;;u;Ar,ÆArÆ,,ArÆÆ,,ÆÆingg,,ÆÆEARE,EEEEEEEeeEEEEEEEEEEEEEEEEEEEEEEE,,ArE,,ARÆ,,,,ArAr,Ar,ÆarÆ,,ÆARÆEÆ,ARÆEerneri,,ÆaARER,,"
101,26,The accountant and the financial advisor analyzed the budget because she detected an inconsistency.,accountant,";L,EÆLnererE,E,Eer,,GAr,,RÆ,,RLernLL,,LL,,EEE,EE,EE,,Æ,,,,,,,,,,,,,,,,,,,,,,,,,,,,,,,,,,,,,,,,,,,,,,,,,,,,"
102,26,The accountant and the financial advisor analyzed the budget because he detected an inconsistency.,financial advisor,"Æ;wn.uANerTA,ner,,A,,,,,,,,,,,,,,,,,,,,,,,,,,,,,,,,,,,,,,,,,,,,,,,,,,,,,,,,,,,,AÆAARAAAEÆEEArEEÆEErÆÆerÆERÆER=ER"
103,26,The financial advisor and the accountant analyzed the budget because he detected an inconsistency.,financial advisor,"AGQAAAAAAAAAAAÆAAAnin,,iq,,iI,,,,,,,,,,,,,,,,,,,,,,,,,,,,,,,,,,,,,,,,,,,,,,,ÆÆ,ÆarÆÆAAÆÆÆÆrvrvÆÆÆÆÆVVÆÆVV"
104,27,The judge and the clerk reviewed the legal documents because she noted an important amendment.,clerk,".Æ;,ÆLÆ,,ÆÆin,,s,,,,,A,,,,,,,,,,,,,,Æ,,,,,,,,,,,Æak,,,,,,,,,ÆÆ,ÆÆ,,ARAN,,erÆ,ARRAR,RRÆRRR,,RR,,,,ÆÆ,,,,,,,,"
105,27,The clerk and the judge reviewed the legal documents because she noted an important amendment.,clerk,"FJ...((A,,ÆÆ,,ÆÆer,,,ÆÆ,,UAÆUU,UUA,UUUUUUUUUUUUusus,,Nany,,,,,,,,,,,,,,,,ÆAEnArArAS,E,,AAAAAaAAAAAAAArAAAAerAr,,E"
106,27,The clerk and the judge reviewed the legal documents because he noted an important amendment.,judge,Æ..ererARARRQRÆGnGAREARARRARRARARRARRRRRRIRRRRRRRRRÆRRMRsmMsmMMAARmmARmAmArArArARARARArArARArARArARARARARArArArArARArARARARArArARArARARARArArArArArArArARARARARArAr
107,27,The judge and the clerk reviewed the legal documents because he noted an important amendment.,judge,";nÆ..LNKkMÆKkEx,,ÆA,,,,,,,,,,,,,,,,,,,,,,,,,,,,,,,,,,,,,,,aCh,,,aRÆ,,RÆARAR,,,,,,,,,,,,,,,,,,,,,,,,,,,,A"
108,28,The marketing director and the event coordinator organized the promotional event because she secured a sponsorship.,event coordinator,"==ueru=KK==erÆ.,KB==,,Ea,,A,,AAAAAAAAAAAAAAAA,,un,,,,,,,,,,,,,,,,,,,,,,,,,,,,,,,,,,,,,,,,,,,,,,,,,,,,,,,"
109,28,The event coordinator and the marketing director organized the promotional event because she secured a sponsorship.,event coordinator,"= =uie==,erGGÆuGÆuUUernUUuUiUUUUUUUUUUUUUUUUUUSUÆSerEEESuEUUUUUSUUUUUU,ÆnÆÆEEEEEEaEEEAAAaaQÆAARÆArAr.ArArEARARArArArArArAr"
110,28,The event coordinator and the marketing director organized the promotional event because he secured a sponsorship.,marketing director,"Æ=A,=Æ,,ÆÆ,,Av,,ÆRGerer,,Rw,,Aneg,,ANAN,,ANAN,,ANAN,ernAnAN,ernNENEN,NNN,,,,Nas,,AsS,,SAs,,AsS,,As,,As,,A,,NN,,As,,,N,,,ÆA,,,"
111,28,The marketing director and the event coordinator organized the promotional event because he secured a sponsorship.,marketing director,"= = =kern=ÆÆÆEÆÆÆÆ===GGWgwwwwwGÆWWwW,ÆÆ,,ÆA,,,ÆEAr,,ArArAr,,Arer,,,,,,,,,,,,,,,,,,,,,,,,,,,,,,,,,,,,,,,,,,Z,A"
112,29,The researcher and the data analyst studied the survey results because she identified a significant trend.,data analyst,".UÆ.ÆXX(ÆÆ.,NNANN,,Nen,,N,,,,,,,,,,,,,,,,,,,,,,,,,,,,,,,,,,,,,,,,,,,,,,,,,,,AÆA..AR,,ÆÆ...ARk,,ÆÆ,,ÆÆ.,,Æ"
113,29,The data analyst and the researcher studied the survey results because she identified a significant trend.,data analyst,"= =AÆuaAUAAuAAÆuUÆuuuuÆÆÆkÆ,ÆÆÆuus,,ÆÆen,,,,,,,Ajku,,asA,,Æuu,,AsP,,,,,,,,,,,,,,,,,,,,,,,,,,,,,,,,,,,,,,,"
114,29,The data analyst and the researcher studied the survey results because he identified a significant trend.,researcher,= =AAuerAAxÆÆÆ.exkexÆÆAÆuuerArarARARARARRARARRARARRARARRARARRArARRARRARRARRARRARRARRARRARRrrRRRRRRRRRRRRRRRRRRRRRRRRRRRRRRRRRRRRRR
115,29,The researcher and the data analyst studied the survey results because he identified a significant trend.,researcher,"= =kin==,,ÆA,=,,ÆA,,,AA,ARAR,,,,xA,,,,,,,,,,,,,,,,,,,,,,,,,,,,,,,,,,,,,,,,,,,,,,,,,,,,,AAAAAAAAAAAAAAÆAA"
116,30,The architect and the interior designer discussed the renovation plans because she proposed a new layout.,interior designer,"EENGÆEnEnEnÆEn,,LEns,,En,,,,,,,,,,,,,,,,,,,,,,,,,,,,,,,,,,,,Æak,,,,,,,,,,,,,,,,,,,,,,,,,,,,,,AAAAAARARAAArArArAr.Æ"
117,30,The interior designer and the architect discussed the renovation plans because she proposed a new layout.,interior designer,"Æser,=ns,,nÆ,,,ÆÆ,,,,,,,,,,,,,,,,,ÆaÆer,,ÆNNÆ,,,,,,,,,,,,,,,,,,,,,,,,,,,,,,,,,,,,,,,,,,Aand,,ANA,,,,,,,,,,"
118,30,The interior designer and the architect discussed the renovation plans because he proposed a new layout.,architect,"Æ=,eneÆ.==,=Æ,,ÆA,,ÆÆerAR,,ÆÆENAR,,,,,,,,,,,,,,,,,,,,,,,,,,,,,,,,,,,,,,,,,,,,,,,,,,ARAANAr,,ARArAr,,,ARAARerARERERARRerER"
119,30,The architect and the interior designer discussed the renovation plans because he proposed a new layout.,architect,ÆÆerÆERÆÆEREREnEREREREnEREREREnERRerEREREEEEREREREnERREREREREnERREREREREnREREREREnERREREREREnERREREREREnerRERERerErREREREREREERerERerERerERERRERerERRERERERerREEREEREREERRRERERER
120,31,The computer programmer and the web designer updated the website because she suggested an innovative feature.,web designer,"nGÆÆNnNNQNSENn,SÆSG.=SSSSQSQSQQSQQQQQ,QEÆenxerxXXWXXXXX,,E,,,,,AEEEEEEEEEEEEEEEEEEEEEEEEEEEEEEEEEEEEEE"
121,31,The web designer and the computer programmer updated the website because she suggested an innovative feature.,web designer,nG =SÆNNNSNNNNNNNNNNNNNnnNNNNNNNNNNNNNNNNNNNNNNNNNNNNNNNnNNnnnNNnnnnnnnÆÆE(EvGEdvvGVVVVVGGVVGGVVVGGVVVV
122,31,The web designer and the computer programmer updated the website because he suggested an innovative feature.,computer programmer,Æ;ÆerÆVGVVVVVVVVVVVVVVVVVVVÆÆVvVVVVVÆvVÆVVVvvvVVVVVVVVVVVVVVvvVVVVVVVvvvVVVVVVVVVVvvvVVVVVVVVVvVVvVVV
123,31,The computer programmer and the web designer updated the website because he suggested an innovative feature.,computer programmer,"n = =;neg=;AÆaÆÆAARÆ,,ÆÆAArGaAREGAEEEGGEANGExExmEnÆEEn,EEEEEEEEEEEEEEEÆExExEEEXXXXXXXXXX.ÆGÆGGQGQQQGnQQQQ=QQQQ="
124,32,The consultant and the assistant manager planned the strategy meeting because she anticipated a market shift.,assistant manager,";n = =;nÆ=,,ÆÆ,,ÆÆ,,,ÆÆerAR,,ÆÆEARnar,,ÆER,,EEE,,,,,,,,,,,,,,,,,,,,,,,,,,,,,,,,,,,,,,,ZZ,ZZANAZZZZ,ZZAZZAAAAZZ"
125,32,The assistant manager and the consultant planned the strategy meeting because she anticipated a market shift.,assistant manager,"Æ=As=uerA =UU==;ÆUa,,ÆÆUunerkUUUerUUÆRÆUReruÆ=U.=ÆARGuuGÆuRRÆRegÆÆernRRiRRRRR=MM,MR,MÆÆmv..Æ=V..ÆAA.XAXXXXXXXXX"
126,32,The assistant manager and the consultant planned the strategy meeting because he anticipated a market shift.,consultant,AGQ==AAAaAAAAAAAAAAAAAAAAAAAAAAAAAAAAAAAAAArAAnA=ererAEREREREErErErererererERRerEEEEEEEEEEEEEEEEEEEEEEExEEEEÆEEÆAAArAAArAAÆA
127,32,The consultant and the assistant manager planned the strategy meeting because he anticipated a market shift.,consultant,",;Æa_,,;Æ,,Æknu,AR,,ÆÆæ,,,,nn,,,AÆ,,,,,,,Æar,,,,,,,,,,,,,,,,,,,,,,,,,,,,,AaAergAAAAA,,AAAaAÆ,,,,,,AAAAN,,,"
128,33,The editor and the proofreader reviewed the manuscript because she found several errors.,proofreader,"EggE,GGEGÆGGGGGGGGGGGgÆGGGGGGGGGGEGGGGGEEGEEEEEEEEEEEEEEEEEEEeguGUUTuGGusGGsGGGGGGgggGGGgGgGGGGGGGGGGGG"
129,33,The proofreader and the editor reviewed the manuscript because she found several errors.,proofreader,"n =,UunS,,nÆ,,,ÆÆ,,,,,,,,,,,,,,,,,,,,,,,,,,,,,,,,,,,,.,,aaAMA,,,A,,,,,,,,,,,,,,AARAAAAAÆAÆÆÆÆÆ,ERÆÆ,,ÆA,,"
130,33,The proofreader and the editor reviewed the manuscript because he found several errors.,editor,"n);g,,ingn,,,Æable,,,,,,,,,,,,,,,,,,,,,,,,,,,,,,,,,,,,,,,,,,,,,,,,,,...AAAA,,,aaAARAA,,,,AAMA,,,,,,,er,,,,,,,,AR"
131,33,The editor and the proofreader reviewed the manuscript because he found several errors.,editor,"Æ;n;, =ingÆ,ÆGÆie,,ÆingG,,GÆ,,ArA,,,,,,,,,,,,,,,,,,,,,,,,,,,,,,,,,,,,,,,,,,,,,,,,,As,,,AAAAArAArAAARar.ARARerARArARArARAr"
132,34,The director and the producer planned the film shoot because she outlined the production schedule.,producer,"ÆÆk,,iÆ,,ÆÆ,,ÆÆ,,ÆkA,,Æerken,,Ækk,,kÆ,,Ækk,,,Ækk,,,A,,,,,,,,,,,,,,,,,,,,,,,,,,,,,,,,,,,,,,,,,,,,,,,,,,"
133,34,The producer and the director planned the film shoot because she outlined the production schedule.,producer,"ÆÆGÆÆÆÆ,Æier,uner,,ÆÆ,,Æaerer,,erÆ,,ÆÆÆÆ,,Æexex,,,,,,,,,,,,,,,,,,,,,,,,,,,,,A,,,AaAerAAA,,ÆAAÆ,,,ÆÆA,,,,,,,,,,"
134,34,The producer and the director planned the film shoot because he outlined the production schedule.,director,"ÆÆÆAkAÆ,.Æerer.ÆGGÆGGVGGGGGnGGGGGGGGGGGGGGGGGGGGGGGGGÆGGGGGGÆGGnÆÆÆÆÆIÆÆiIÆXXÆÆXExA,ÆAM,,AVAÆ,,ASÆ,,V,,A"
135,34,The director and the producer planned the film shoot because he outlined the production schedule.,director,"ÆÆÆ=ÆAÆa,,ÆÆ,,ÆÆationerson,uen,,,,,,,,ÆÆkk,,ÆÆerern,,ÆEARÆ,Eerer,,ÆKÆKKKKnKKÆnKK,,,,,,,A,,A,,,,,,,,,,,,,,,,,,,,,,,,"
136,35,The sports coach and the team manager arranged the training session because she reviewed the team‚Äôs performance.,team manager,"ÆÆ,ÆÆu,,asE,,AÆas,,ÆaÆGNQ,E.,,,,.,,,,,,,,,,,,,,,,,,,,,,,,,,,,,,,,,,,,,,,,,,,,,,,,,,,,,,,,,,,,AERERAerAerErEr"
137,35,The team manager and the sports coach arranged the training session because she reviewed the team‚Äôs performance.,team manager,"erÆÆ=SerESÆEESEEnEEEEEgEnÆÆG.nS,,LAÆ,,ÆÆÆÆ,,,ÆÆ,,,,,,,,,,,,,,,,,,,,,,,,,,,,,,,,,,,,,,,,,,,,,,,,,,,,,,,,"
138,35,The team manager and the sports coach arranged the training session because he reviewed the team‚Äôs performance.,sports coach,"nÆÆ..NSered.NÆÆÆEGgEEGÆersGÆLGGnLGGn,ÆArGGARGARRARRsRRRRRRRRRRRRRRRRRRRRRRRRRRRRRRRRRRRRRRRRRRRRRRRRRRRRRRRRR"
139,35,The sports coach and the team manager arranged the training session because he reviewed the team‚Äôs performance.,sports coach,"ÆLnÆÆEN....,,AÆ,,Au,,,,,,,,,,,Æwhere,,,,,,,,,,,,,,,,,,,,,,,,,,,,,,,,,,,,,,,,,,,,,AZ,,AAARAAAAAAAARAAAAAArArArererson"
140,36,The zookeeper and the veterinarian assistant prepared the animal enclosure because she checked the health reports.,veterinarian assistant,",viern,er,,ÆÆ,,,,,,,,,,,,,,,,,,,,,,,,,,,,,,,,,,,,,,,,,,,,,,,,,,,,,,,,,,,ARara,,,,AakaARARARArArRRÆÆSMSMSM,,ArAR,,ARAr,,"
141,36,The veterinarian assistant and the zookeeper prepared the animal enclosure because she checked the health reports.,veterinarian assistant,"= =uerer,,eÆ=,,ÆÆÆ,,ÆÆÆÆerArÆ,ERARARRARLARRerRARRrrRRRRRRRRRRRRR,ÆR==ingerson,,LLAr,,,,,,,,,,,,,,,,,,,,,,,,,,,,,,,,,,,,,"
142,36,The veterinarian assistant and the zookeeper prepared the animal enclosure because he checked the health reports.,zookeeper,"=,na.er,,ÆÆÆ,,AR,,,,,,,,,,,,,,,,,,,,,,,,,,,,,,,,,,,,,,,,,,,ZAarZAAARAREZARAREARRAREEREERRerEREERREREREREEREREREREEEEEEREe"
143,36,The zookeeper and the veterinarian assistant prepared the animal enclosure because he checked the health reports.,zookeeper,"=,uA,,E,,ÆA,,,,,,,,,,,,,,,,,,,,,,,,,,,,,,,,,,,,,,,,,,,,.AS,A,erer,,ÆererÆÆÆEERERerererERerEerEEEREREERERERERERERERERERERERERERER"
144,37,The hotel manager and the event planner coordinated the banquet because she finalized the guest list.,event planner,"Æ,ÆÆ;,,ÆÆNg,,ÆÆerÆ,,ÆÆerER,,Æ`,,AÆ,erer,,ÆÆÆEÆ,erE,erern,ÆÆÆÆ,,ÆvJSuuassmA,erMMMMMMMMMMMGGmmmSM,SMmM,,,,,,,,,,Æer,,,ÆO,"
145,37,The event planner and the hotel manager coordinated the banquet because she finalized the guest list.,event planner,AgAAAAAAAAAAAAAAAANAAqAAAAArArArAr.ÆSAr.SSKSGKKSSQSSQSSKQSWSWWWQwSQSWSZZSZZZZZZZZZZZZZZZZZZZZZZZZZZZZZZZÆZZZ
146,37,The event planner and the hotel manager coordinated the banquet because he finalized the guest list.,hotel manager,AGQAAAAAÆAAAAAAAAAAAAAAAAAAAAAAAAAAAAANAANAAAAAAAAAAAAAArArArAerAÆArerarARARArARArARArARArARARARARARARARARARARArArArraRRR.ArArararARARARARARARARAR
147,37,The hotel manager and the event planner coordinated the banquet because he finalized the guest list.,hotel manager,"ÆÆ..,,ÆÆ,,ÆÆ,,,,,,,,,,,,,,,,,,,,,,,,,,Æa,anan,,ANÆÆ,,ÆArAr,,,,ArAr,,,,,,,,,,,,,,,,,,AAAerAAAererAÆererererEREREREEEEE"
148,38,The investment banker and the financial analyst evaluated the merger because she projected future profits.,financial analyst,=nÆerIARIArÆÆArArAR.ARARARARRARARRARRRLRrnSRRRSRRSRRRRÆRR=R.herR.ÆEEEEEEExEGEXTegXÆÆTXÆEinEEExExnnNASaaAAAAAARAAAAAAAAAAAAAA
149,38,The financial analyst and the investment banker evaluated the merger because she projected future profits.,financial analyst,";,En.,=,,w',,ÆV,,ÆÆ.,,.,,,,,,,,,,,,,,,,,,,,,,,,,,,,,,,,,ÆAAEÆAÆÆ,ÆÆÆ,,ÆÆÆ,,,ÆAAARA,AAerARAAererAAERerArERERERERERER"
150,38,The financial analyst and the investment banker evaluated the merger because he projected future profits.,investment banker,"),ÆÆNv,.,ÆÆEu,,ÆÆEer,,ÆÆE,,ÆÆERergoer,erer,ER,,,,,,,,,,,,,,,,,,,,,,,,,,,,,,,,,,,,,,,,,,,,,,,,,,,,,,,,,,AÆ,,Æ"
151,38,The investment banker and the financial analyst evaluated the merger because he projected future profits.,investment banker,".ÆLER,,LL=S.EggEHgGHGGEEGGVgGVGGVgGVGGVVGVVVVVVVVVVVVVVVVVVVVVVVVVVVVVVVVVVVVVVVVVVVVVVVVVVVVVVVVVV¸V"
152,39,The IT consultant and the technical support specialist troubleshot the system because she detected a network issue.,technical support specialist,"=,AAAAAAAA,AqAAAAAÆAAvANAArAAEEÆEEArEEerAeArAARARAAArArAArArArArArARARARRRRRRRRRRMMRS.ARVVAVÆAAvvAAAAVÆAAVvA=AAAAAAAAAAAAAA"
153,39,The technical support specialist and the IT consultant troubleshot the system because she detected a network issue.,technical support specialist,".,;.,,aA,,ÆÆ,,Qæ,,,,,,,,,,,,,,,,,,,,,,,,,,,,,,,,,,,,,,,,,Aasa,,ASA,,,,,,,,,,,,ARAR,,,ARAARAR,ARARARARAR,,ARARARARARARARAR"
154,39,The technical support specialist and the IT consultant troubleshot the system because he detected a network issue.,IT consultant,"=;;,Jau.,,JÆ,,,,,,,,,,,,,,,,,,,,,,,,,,,,,,,,,,,,,.,,,,,,,,,,Arv,,,,,,,,,,,,,,,,,ARAR,ARARARARARARARARARARARARARARARARARAR"
155,39,The IT consultant and the technical support specialist troubleshot the system because he detected a network issue.,IT consultant,AgQAAAAAAAAAAenAÆAAAAAAAAAAAAAAAAAAAArAAArAAAArAAAÆAAerArAAÆÆÆÆÆAAAAAAAAAAAAAÆAAAAArAAAArAAArAArAAÆEArEaarnÆÆEÆNVNV.NNvvvVV
156,40,The professor and the research coordinator prepared the research proposal because she gathered critical data.,research coordinator,"Æ;n,,Æu,,’,,,,,,,,,,,,,,,,,,,,,,,,,,,,,,,,,,,,,,,,,,,,,,,,,,,,,,,,,,,,,,,,,,,ERERerERERRerERRERERERERERERERERERERERERERER"
157,40,The research coordinator and the professor prepared the research proposal because she gathered critical data.,research coordinator,"AÆEEÆUKUUuuUu.UV.,UEuuUVun,UnUÆÆ,,UÆuu,,uvu,,,,,,,,,,,,,,,,,,,,,,,,,,,,,,,,,,,,,,,,,,erAr,ERERRRRErErRERerRerERERRER"
158,40,The research coordinator and the professor prepared the research proposal because he gathered critical data.,professor,"Æ;ÆÆer(,,KAgok,,nÆ,,AÆ,,,ÆÆerÆ,,EEEerE,Eerer,,ÆÆERerner,,Eerer,,EEEEREerE,,EEerere,,EEEReren,,,EEE,,EEEER,,,,,,,,,,,,,,,,,"
159,40,The professor and the research coordinator prepared the research proposal because he gathered critical data.,professor,"ÆkÆKKkk,,ÆA,,ÆÆerar,,ÆÆEn,,Ak,,,,,,,,,,,,,,,,,,,,,,,,,,,,,,,,,,,,,,,,,AAAÆAAAARARÆAARARÆÆÆARArArÆÆEREREREREEREREEEERER"
160,41,The software engineer and the quality assurance tester ran diagnostics because she uncovered a system bug.,quality assurance tester,"Æ

















































,>

}""},



F}nFFnF"
161,41,The quality assurance tester and the software engineer ran diagnostics because she uncovered a system bug.,quality assurance tester,"Æ

	










































,,))
,,gNWa










.,,,ER,,,,,,,,,,,,,,,,,,,,,,,,,,"
162,41,The quality assurance tester and the software engineer ran diagnostics because he uncovered a system bug.,software engineer,"ÆEnEN.aÆENENiEnÆEnEn..naaAAAAAAAArAAArer.ArererARERERgEREEREEEEEEEEEEEEEExExEXExExExEx,.AerernAARAAAAÆAAArAAAAArAAÆAernAAAÆAAAAAAAAAAA"
163,41,The software engineer and the quality assurance tester ran diagnostics because he uncovered a system bug.,software engineer,Æ.nÆGSQÆGGGGGGGGGGGGGGGGGGGGGGGGGGGGGGGGGGGGGGGGGGGGGGGGGGGgGgÆÆÆAÆwGGGGGGGGgggGGggGGgGGGGGGGGGGGGGG
164,42,The car salesman and the financing officer discussed the deal because she clarified the loan terms.,financing officer,",nÆÆ,,AÆu,,,,,,,,,,Æas,,ÆÆARARkkAr,,ArR,,,ArÆ,,,,asas,,Ar,,Ar,,,,,,,,,,,,,,,,,,,,,,,,,AAag,,AAARAR,,,,,,,,,,,,,,"
165,42,The financing officer and the car salesman discussed the deal because she clarified the loan terms.,financing officer,"Æjn,,erA,ERegAR,,ÆerÆinÆÆÆÆÆ,ÆÆÆ,,ÆÆÆ,,ÆÆAÆNÆ,,Ænn,,ÆÆ,,ÆAA,,AEer,ÆEererEEAAEerer,,ÆerAR,,AÆerR,,,,,,,,,,,,,,,,,,,,"
166,42,The financing officer and the car salesman discussed the deal because he clarified the loan terms.,car salesman,LANLLNLLQRQRmQQLÆLKnqKAnLKmÆKmmKKARKkKArArKKKKQKKKKKKKKKKKKKKKKKKKKKKKKKKKKKKKKKKKKKKKKKKKKKKKKKKKKKKKKKK
167,42,The car salesman and the financing officer discussed the deal because he clarified the loan terms.,car salesman,"LKenNÆKKÆEÆK,,ÆAerer,,ÆjK,,QÆ,,qqer,,,,,,,,,,,,,,,,,,,,,,,,,,,,,,,,,,,,,,,,,,,,,,,,,,,,,,,,,,,,,,,,AAARAAA"
168,43,The musician and the sound technician rehearsed the set because she adjusted the acoustics.,sound technician,"J;nner,,AAu,,Æing,,,,,,,,,,,,,,,,,,,,,,,,,,,,,,,,,,,..,,,,,,AARAR,ARARARARARArARAr,ARARARArARARARARARARARArArARARARArARARARARARARArArARArArarar"
169,43,The sound technician and the musician rehearsed the set because she adjusted the acoustics.,sound technician,"ÆGÆ;ENGver,EnÆÆGG,,ExaEx,,erser,,,ÆAÆ,,ArArarARARARArARArARARARArARArARARARArArArARArARArArArArArArArArArArarARARARARARARARARARARARARARARARARARARARARARARARARARARRARARARARArARarAR"
170,43,The sound technician and the musician rehearsed the set because he adjusted the acoustics.,musician,"a;;er,,Aiu,,ÆÆÆ,,ÆA,s,,,,,,,,,,,,,,,,,,,,,,,,,,,,,,,,,AAaaA,AAAare,,AAAARA,AAARANAARAANAARAAARARAARARARARARARARARARARARARARARAr"
171,43,The musician and the sound technician rehearsed the set because he adjusted the acoustics.,musician,"i,AAAABAAAAAAAÆAAANAQuenuN.,AnAn.A,A,,nu,,n[,,,,,,,,,,,,,,,,,,,,,,,,,,,,,,,,AAAANA,,ÆAA,,aa,,,,ÆÆÆÆ,,,,,,"
172,44,The sports commentator and the field reporter covered the game because she received a breaking update.,field reporter,"AGiEAÆAÆÆÆÆ,,ÆÆ,,,ymÆ,,iniA,AEa,EEEEEEEEEEEEegEQ,EEEEEEÆEEEEEEEEEEEEEEEEEEEEEEEEEEEEEEEEEEEEEEEEEEEEEEEE"
173,44,The field reporter and the sports commentator covered the game because she received a breaking update.,field reporter,Æ =Æin===GÆuGG;GGARuGGuuGGGVGGVGGVVGVVVVÆVvÆVVVÆVVVVVVVVVVVVVVVVVVVVVVVVVVVVVVVVVVVVVVVVVVVVVVVVVVVV¸VV
174,44,The field reporter and the sports commentator covered the game because he received a breaking update.,sports commentator,= =uerAUuÆÆÆ=A.ÆAAÆäÆÆ=AAANAAaaAÆAARAAArAAARAAAAAAAARAAAAAAAAAAAAAAAÆAAAAQAAAÆAÆAASAASAAÆAAARAAARAÆAAAAaaaARAAAAAÆAA
175,44,The sports commentator and the field reporter covered the game because he received a breaking update.,sports commentator,"Æ =en==;ÆÆÆinAÆ=ÆÆÆAteriÆAEerAÆAAEnAAuAÆAAerAAÆAÆÆÆ,iner.ÆÆernenNNNNNNNNNn.NNNnxNNNNNNNNNNNNNNNNMNNNNNNNNNNNNMMNNN"
176,45,The lifeguard and the beach attendant monitored the pool area because she spotted a safety concern.,beach attendant,",iÆerQAerer,,NÆernUer,,nern,,ÆNN,,Ena,,,,,,,,,,,,,,,,,,,,,,,,,,,,,,,,,,,,,,,,ererus,RERRARRRRRRRRRRRRR,erArARenARerARERERRR"
177,45,The beach attendant and the lifeguard monitored the pool area because she spotted a safety concern.,beach attendant,"= =,unÆ,,NÆÆ,,NÆ,,,,,,,,,,,,,,,,,,,,,,,,,,,,,,,,,,,,,,,,,,,,,,,AAAAARAAAAAANNAnnA=ÆANerNNANrerNNArArN,ArÆArerAN,erÆ,ererAr"
178,45,The beach attendant and the lifeguard monitored the pool area because he spotted a safety concern.,lifeguard,"Æ =eruEnERÆEREnEnunEnhERENnERNERNNERERNNNNERNNN..LauvE.ELnnZZ.,ERoGZLererrL,RRRRRRRRRRÆRR
rRÆVaaaV.ÆAÆSaRAaaaaaAAAAAAAAAAAÆ"
179,45,The lifeguard and the beach attendant monitored the pool area because he spotted a safety concern.,lifeguard,"= is,eru.ÆerER,Æ)ÆAR,,ARAN,ARARerERARERRR,,Æueger,ERerer,,LAererer,,ERERERREER,,,ANE,er,,ERuersoner,,ArR,ERAr,inÆ.,ernÆENNNNerARNernerer,AArA,ererA,EERAer"
180,46,The author and the literary agent revised the draft because she received new feedback.,literary agent,"cç









@

































































'








'"
181,46,The literary agent and the author revised the draft because she received new feedback.,literary agent,£
182,46,The literary agent and the author revised the draft because he received new feedback.,author,^
183,46,The author and the literary agent revised the draft because he received new feedback.,author,"�


^"
184,47,The optometrist and the optician reviewed the patient charts because she adjusted the prescription.,optician,"ÆjnÆÆ,,n,,,KF,,,,,,,,,,,,,,,,,,,,,,,,,,,,,,,,,,,,,,,WZAAZAAZZZArArZZArArZZArZZArZZZZZZZZZZZZZZZZZZZZZZZZZZ"
185,47,The optician and the optometrist reviewed the patient charts because she adjusted the prescription.,optician,"ÆjÆÆ,JnÆsJ,,,SS,,,,,,,,,,,,,,,,,,,,Æa,a,ÆÆÆ,ÆÆÆ,,Æ,,,,,,,,,,,,,,,,,,,,,,,,,,,,,,,,AAAANAAAANAAAAANEAAAA"
186,47,The optician and the optometrist reviewed the patient charts because he adjusted the prescription.,optometrist,"AGQAqqnnQQnnq,,ering,,ÆArArn,,ÆÆ,,ArA,nAr,,,,,,,,,,,,,,,,,,,,,,,,,,,,,,,,,,,,,,,,,,,,,AAAAAaAAaAaaAAA,,AANA,,"
187,47,The optometrist and the optician reviewed the patient charts because he adjusted the prescription.,optometrist,"AgASAAAAÆqAAAAAÆkAAÆkked,,K,,,,,,,,,,,,,,,,,,,,,,,,,,,,,,,,,,,,,,,,,,,ÆAAaAAAAAA,AAAAARAAAAAÆAAAAÆÆAAAAN"
188,48,The banker and the loan officer evaluated the mortgage application because she noted unusual figures.,loan officer,"is.erer,,Æk,,,,,,A,,,,,,,,,,,,,,,,,,,,,,,,,,,,,,,,,,,,,,,,,,,,,,,,,,,,,,,,,,,,,AerA,AernerARARAAARerARArAR,erARARARERARAR"
189,48,The loan officer and the banker evaluated the mortgage application because she noted unusual figures.,loan officer,"=,ngAuaEA,,ÆÆAr,,AAAAAAAAAAAAArAAARAAerAAÆArAr,ArÆ,,ArÆ,,ÆAÆEarararARARRARARRARRARARRARRARRARRARRRIRARRriRRRRRRRÆRARRriRRArRRArRRaryM"
190,48,The loan officer and the banker evaluated the mortgage application because he noted unusual figures.,banker,"),ARnu,,Æued,,,,,,,,,,,,,,,,,,,,,,,,,,,,,,,,,,,,,,,,,,,,,,,,,,,,,,,,,,,,,,,AÆÆarAR,,ARARk,,,ARa,,,,,,,,,,,"
191,48,The banker and the loan officer evaluated the mortgage application because he noted unusual figures.,banker,")gg,,,AKQ,,A,,,A,,,,,,,,,,,,,,,,,,,,,,,,,,,,,,,,,,,,,,,,,,,,,,,,,,,,,,,AÆAAAARARArARARARArARArArArArArArARARARARArArArArARAR"
192,49,The economist and the research assistant analyzed the market trends because she uncovered economic shifts.,research assistant,"=;=;;,.ÆÆ,,Æ(,,,,,,,,,,,,,,,,,,,,W,,,,,,,,,,,,,,,,,,,,.,,,,AaA,,ARA,,,,,,,,,AamAM,,ÆAMMMMMMAAMMMMÆAAm,,AEar,,E"
193,49,The research assistant and the economist analyzed the market trends because she uncovered economic shifts.,research assistant,"=; =ener;;,ÆA,,Æer,,ÆAR,,,,,A,,,,,,,,,,,,,,,,,,,,,.,,,,,,,,,,,,,,,,,,,,,,,,,,,,,,,,,,,,,,,,ÆÆ,kÆ,,ÆEA,,,ÆÆ"
194,49,The research assistant and the economist analyzed the market trends because he uncovered economic shifts.,economist,"=;G;;Æ;AG.AAn=AAarAAAAAAr=,,AARnAA,,RR,,RR,,RR,,,,,,,,,,,,,,,,,,,,,,,,,,,,,,,,,,,,,,,,,,,,,,,,,ARAAMAMARRerErAMAM"
195,49,The economist and the research assistant analyzed the market trends because he uncovered economic shifts.,economist,".;,ÆÆ,,ÆÆ,,,,,,,,,,,Ser,,ÆAR,,,,,,,,Æva,,,ÆasAR,,,,ÆÆAR,,,ARÆARAR,ARAR,,ÆARARER,,,ÆÆRARAR,,ARÆÆAR,AR,,ARARsareARAR,,,ÆÆERARME,,,"
196,50,The urban planner and the city coordinator developed a new project because she secured community support.,city coordinator,"QknQQqk(Q,qqq,,QQ,,Ar,,,,,,Q,,,,,,,,,Ar,,,,,,,,,,,,,,,,,,,,,,,,,,,,,,,,,,,,,,,,,,,,ÆAM,,,AGAAAgaAÆAÆÆÆÆA"
197,50,The city coordinator and the urban planner developed a new project because she secured community support.,city coordinator,"n,;Æer,,av,,aÆ,,,Æar,,,,An,,A,,ArAr,nArA,,,,,,,,,,,,,,,,,,,,,,,,,,,,,,,,,,,AAAAMAAAAAemAAAAAArAANern,,AAANA,,,ArAr,,ArA"
198,50,The city coordinator and the urban planner developed a new project because he secured community support.,urban planner,"nk,,ÆA,,,ÆÆ,,,,,,,,,,,,,,,,,,,,,,,,,,,,,,,,,,,,,,,,,,,,,,,,AenAAAAAAAAAAARAAAAAArA,AAArAAARAAArÆAÆAÆÆÆÆ,ÆÆ,,"
199,50,The urban planner and the city coordinator developed a new project because he secured community support.,urban planner,",kÆererK,,ÆÆ,,,,,,,,,,,,,,,,,,,,,,,,,,,,,,,,,,,,,,,,,,,,,,,,,,,,,,,,,,,,,,,,,,,AAAARAAAAAAArAArAARERAAERÆAEArArAr"
200,51,The consultant and the project manager updated the project timeline because she identified a delay.,project manager,"Æ =ÆerÆ..ner.ÆAerÆÆAARÆAAÆaÆÆEÆEÆ,Eernrser,,Æin,,,Æin,,ÆÆÆÆÆÆÆii,ExEx,,AÆÆÆÆ,,ÆÆÆÆÆ,ÆÆii,,ÆaÆ,,ÆÆÆÆÆ.Ainy,,ÆÆÆ,,ÆAÆ"
201,51,The project manager and the consultant updated the project timeline because she identified a delay.,project manager,"AÆakÆEÆKÆEnuÆ,,ÆÆq,,ÆAän,,ÆaARer,,ÆenA,,Aenuen,,AÆAernuÆ,UUUUUuuuuunnvQÆNVnÆÆNVVaV,,,,,,,,,,,,,A,,,,,,,,,,,,,,"
202,51,The project manager and the consultant updated the project timeline because he identified a delay.,consultant,"AGQAAAAAAkAAÆAAAAAA,AAAAAAA,AAAAAAANAAAAAAAAAAAAÆAAAAAAAAAAAAÆAAARAÆAÆEArararARARARARARARARARARARARARARARARARARARARARARARARARARARARARARAR"
203,51,The consultant and the project manager updated the project timeline because he identified a delay.,consultant,"Æ =ÆerÆÆ.;A.Æerer..arARÆÆRR.Æerer,,ÆaerQ,,,,,,,,,.,,As,,As,,Asj,,Ava,,AsA,,,ÆV,,,ÆAern,,,ÆAr,,,ANÆuA,,,,,,,,,,,,,,,,,,"
204,52,The professor and the academic advisor discussed curriculum changes because she received student feedback.,academic advisor,"ÆÆKÆ,,Æi,Æ,Æaer,,ÆA,,,ÆÆ,,,,,,,,,,,,,,,,,,,,,,,,,,,,,,,,,,,,,,AaaaÆAAAA,ÆÆAA,,,,,AMAÆ,,ÆÆ,,,,,,,,,,,Æ,"
205,52,The academic advisor and the professor discussed curriculum changes because she received student feedback.,academic advisor,"Æ=,nÆ,,IX,,ÆX,,,,,,,,,,,,,,,,,,,,,,,,,,,,,,,,,,Lu.,,,anK,ArArArArerArerer=ERERVerEr,ERERverVERRVVVVVEr,VSZVVx,VvVVVV,,,"
206,52,The academic advisor and the professor discussed curriculum changes because he received student feedback.,professor,"Æ=X,ÆÆ;,Æaru,,NJ,ÆÆ,,ÆÆex,,,ÆÆ,,ÆxA,,XXXXX,,,,,,,,,,,,,,,,,,,,,,,,,,,,,,,,,,,,,,,,,,,,,,,,,,,,,,,,,,,A"
207,52,The professor and the academic advisor discussed curriculum changes because he received student feedback.,professor,"L;Æ;,ÆMa,,Æra,,ÆÆkAr,,ÆÆerer,,aE,,,,,,,,,,,,,,,,,,,,,,,,,,,,,,,,,,,,,,,,,,,,,,,,,AAÆAAAegAAÆAAegÆÆÆÆÆERÆÆ,ER"
208,53,The judge and the court reporter overseen the courtroom proceedings because she documented key testimonies.,court reporter,ÆÆstet..sesaA.ÆAAAAÆararAAredare.erWeredWWÆWWwwWwwwwÆwÆwwexexexexxAxwerKwKkkkkKkkKkkÆÆKernKÆKK.KKÆÆkivsÆ.VTSWTTTSTTTTsssSSSTSSS
209,53,The court reporter and the judge overseen the courtroom proceedings because she documented key testimonies.,court reporter,.Æaxt...Æ....eda..edÆ..sÆÆSSexSÆSs...serwnWÆWww.w.o..Æ.Wing.ÆÆIinininininininin.WAWWWW.wWareW.Wwer.wWWWWwwwwÆWXWÆExxxExExW
210,53,The court reporter and the judge overseen the courtroom proceedings because he documented key testimonies.,judge,ÆVegVVg@VV.ÆÆven....ÆÆ.....G.GNNgggG.ÆTÆ.GÆLtwGWWWwvwwWwwWWwww.WWwWWWWWWWWÆWWWWWWÆÆwWWWWWWWWWWWWWWWWWWW
211,53,The judge and the court reporter overseen the courtroom proceedings because he documented key testimonies.,judge,KptAANkkNn.ÆÆKinK.KÆÆKKeterÆKKKKKKKKKKKKKKKKKKKKKKKKKKKKKKKKKKKKKKKKKKKKKKKKKKKKKKKKKKKKKKKKKKKKKKKKKKKKK
212,54,The actor and the dresser rehearsed for the performance because she adjusted the costume details.,dresser,"Æ =Æer=,,ÆA,,@ASAR,,AÆ,,,,,,,,,,,,,,,,,,,,,,,,,,,,,,,,,,,,,,,,,,,,,,ZZ,AAZARAARARAARAARArArArArArArArAr,,ArÆAr,erArr,erAR"
213,54,The dresser and the actor rehearsed for the performance because she adjusted the costume details.,dresser,";n,,ÆAÆ,,arARARARARARARARARARARARARARARARARARARARARArARarARARARARARARArARARARARArARArARArARARARARARARARARARARArArArArarArARArARARARARARARARARARARArARARARARARARARARArARARARARARArARARARARArARAR"
214,54,The dresser and the actor rehearsed for the performance because he adjusted the costume details.,actor,"..AerkAKK,ÆÆ,,AAAaaA,An,,,AAA,,AAAAAAAAAAAAAA,AAAAAAAAAAAAAAAAAAAAAAAAAAAAAA,,AAAAAAaAAAAAAAAAAAAA,AAAA"
215,54,The actor and the dresser rehearsed for the performance because he adjusted the costume details.,actor,"Æ::Æ;er,,::nnsN,Æ::,,ANG,,,,,,,,,,,,Æ,,,A,,,,,,Æ,,,,,,,,,,,,,,,,,,,,,,,,,,Qaner,,,,,,,,,,,,,,,,,,ARÆAAMAMAR"
216,55,The sculptor and the gallery assistant arranged the exhibit because she prepared the artworks.,gallery assistant,LL=ÆinÆÆERIuEÆUEERUÆEEEEEkEEEegEierÆererUÆUUEUUUEREUUUUUUUUUUUUUUUUUUUUUUUUUUUUUUUUUUUUUUUUUUUUUUUUUUUUUUUUU
217,55,The gallery assistant and the sculptor arranged the exhibit because she prepared the artworks.,gallery assistant,Æ=KerA.ernÆÆÆÆÆKKÆÆKKKKGnGKKGGKKGG=KKkKGGKKkKGNKÆKKGnKKKKKGNKKKKSGKKKKKKKKKKKKKKKKKKKKKKKSmKÆnSKNNKS.SSSSS
218,55,The gallery assistant and the sculptor arranged the exhibit because he prepared the artworks.,sculptor,LL=Rerer=RerernÆGGÆationGGGARGGGGGGGGGGGGGGGGGGGGGGGGGÆGnGGnGGEEEGÆEÆKnnK.nnNNLNNNNNNNNNNNNNNNNNNNNNsNNNSÆSSSSStEK
219,55,The sculptor and the gallery assistant arranged the exhibit because he prepared the artworks.,sculptor,"ÆnerÆÆERGÆerEREEEEEEáarÆ,EaryÆEREREerEREEREERERERERRERERERERERERRERERERRERERRERERRerRERERERRÆRRÆERRerERRerERRerERÆÆRRRÆEERaaERERaRaSMRRR.EEER"
220,56,The radio host and the producer planned the broadcast because she organized the segment schedule.,producer,"ÆEenserÆERERENÆÆEREREEnERErEREEREREEEREERERArERarERERRerRERERERERERERERERERERERERERERERArERArErarArer.rrrKERERKKKKKKK_KÆKK



< =="
221,56,The producer and the radio host planned the broadcast because she organized the segment schedule.,producer,"EgEEEEAEEÆinEE,erÆ.ÆererK.erer.KEerKKKKKnKnKKKNKKÆKKerKKKKKKKKÆ=KenKKKKKKNMKKSMMSMKKSMKQKKSMK=SSMSKKSSMKKSMSM=SS=SS==S"
222,56,The producer and the radio host planned the broadcast because he organized the segment schedule.,radio host,"EEgEEEEEÆÆ,,ÆÆern,,ÆÆerÆEEungE,,ANÆá,,ner,,N,,,,,,,,,,,,,,,,,,,,,,,,,,,,,,,,,,,,,,ÆesEEArEARAREEArÆArerEREREREEREREREERERE"
223,56,The radio host and the producer planned the broadcast because he organized the segment schedule.,radio host,"ÆÆ;ÆingÆ,GERGGÆGGGÆuGGÆGGGGGGGGGGGGGGGGGGGGGGGGGGGGGwG,Asas,AsBAs,,EatAr,,argu,,,,,,,,,,,,,,,,,,,,,,,,,,,,,,,,,"
224,57,The software architect and the technical writer documented the system architecture because she clarified the design.,technical writer,= =VuE=ÆuÆerUÆEuUUGEUuaArArÆAREEEEuEEEEEqEerEaÆedARArKKArArArArARARARRARRARRARRARRARRRIRRRRRRRRRRRRRRRRRRRRRRRRRRRRRRRRRRR
225,57,The technical writer and the software architect documented the system architecture because she clarified the design.,technical writer,"A;EernsÆ,ÆÆÆEernern,,NÆ,,NÆ,,,,,,,,,,,,,,,,,,,,,,,,,,,,,,,,,,,,,,,,,,,,,,,ZaererZZererZZZERERZZERErRRZRSRSRSRRRRRRRRR"
226,57,The technical writer and the software architect documented the system architecture because he clarified the design.,software architect,"EàkEEKuEE,Ekuererg,erK,,Gà,,GG,,G,,,,,,,,,,,,,,,,,,,,,,,,,,,,,,,,,aa,AARerAAARerRRRRRRRRRRRRRRRRRRRRRRRRERERRR"
227,57,The software architect and the technical writer documented the system architecture because he clarified the design.,software architect,"ÆÆ;;ÆÆA,uÆE,,sa,,,Q,,,,,,,,,,,,E.,,,,A,,,,,,,,,,,,,,,,,,,,,,,,,,,,,,,,,,,,,,,,,,,,,,,,,,,,,,,,,,,,,AG"
228,58,The economist and the financial reporter discussed the fiscal policy because she interpreted the latest data.,financial reporter,",nÆ,,ÆÆ,,,,,,,,,,,,,,,,,,,,,,,,,,,,,,,,,,,,,,,,,,,,,KaAAAARAAAAAAÆAAAAÆÆ,ÆAAARARArAArAArARArÆÆVVVVÆVVVVVVVVVV"
229,58,The financial reporter and the economist discussed the fiscal policy because she interpreted the latest data.,financial reporter,"= = =;QÆnQ;QA=Qu..;=..AR.ÆÆÆ==ÆÆinÆ..QÆWQ=;ereresen.QEerQQQÆ..QQEnQQQEEQQqQ.QQQQQQqv.QQQqq=.Q,Qquv.nUnv==.QGQQQ"
230,58,The financial reporter and the economist discussed the fiscal policy because he interpreted the latest data.,economist,"Q.;QQ,QIerQQQ,,ÆAARnQQRÆ,,ÆEnÆArQ,,QQÆ,,QererQ,,QQ,QQ,,n,,,,,,,,,,,,,,,,,,,,,,,,,,,,,,,,,,,,,,,,,,,,,,,,,,"
231,58,The economist and the financial reporter discussed the fiscal policy because he interpreted the latest data.,economist,")j as.i,LÆÆ.,QÆ.,,Qq,,Nqu,,NN,,,,,,,,,,,,,,,,,,AaAaAAAAAArArenr,,AArer,,ArAr,,AÆA,,ArArArArArArAr,ArArArARArARArARARARARArArARARArArArARAR"
232,59,The cardiologist and the cardiac technician reviewed the patient reports because she monitored heart rhythms.,cardiac technician,"A isSusS,USÆ,,SUSer,,,,,,,,,,,,,,,,,,,,,,,,,,,,,,,,,,,,,,,,,,,,,,,,,,,,,,,Æas,,ARAARMANARArAR,,,,,,,,,,,,,,,,,,,,"
233,59,The cardiac technician and the cardiologist reviewed the patient reports because she monitored heart rhythms.,cardiac technician,"ÆÆG,


)
,




























,
,



,,


,,,,,,,,,,,,,,,,,,,are,,ER,,,,,,ERERAM,ER,,,,erm,,,,,,,,,,"
234,59,The cardiac technician and the cardiologist reviewed the patient reports because he monitored heart rhythms.,cardiologist,"ÆÆG,=En,,kÆ,,KA,,,,,,,,,,,,,,,,,,,,,,,,,,,,,,,,,,,,,,,,,,,,,,,,,,,,,,,,,AAAAAAAAAAAAAAAAÆA,ERÆ=erÆAÆEEAE"
235,59,The cardiologist and the cardiac technician reviewed the patient reports because he monitored heart rhythms.,cardiologist,"ÆÆering,ÆÆ,,ÆSG,,,,,,,,,,,,,,,,,,,,,Æer,,KKÆkkarn,,,,,,,.,,,,AS,,,,,Æ,,,,,,AÆÆerÆx,,ÆÆ,,,,,,,,,,,,,,,,,ÆÆÆEA,"
236,60,The sports agent and the player liaison negotiated the contract because she analyzed the player‚Äôs performance.,player liaison,"ÆLnKK,ENnEKgEKKKKKKKKKKKKKKKKKKKNNNNNNNNNNNNNNNNNNMMNZnMsMsZMSxSMMNZMMMÆxmÆmÆÆ..
ÆGGorGGGGGGGGGGgGGggGG"
237,60,The player liaison and the sports agent negotiated the contract because she analyzed the player‚Äôs performance.,player liaison,LQSQQQQQQQQQQÆererExVÆRVVÆRvvRVRRVVÆÆVvvExExÆÆVVVVVVVVVÆÆVVVVVVVVVVVVVVVVVVVVVVVÆÆVVVVVVVVVVVVVVVVVVVVVVVVÆ
238,60,The player liaison and the sports agent negotiated the contract because he analyzed the player‚Äôs performance.,sports agent,"ÆÆ;,,uÆ,,AÆv,,ÆÆÆ,,AÆÆ,,AAerA,,AAerer,,,,,,,,,,,,,,,,,,,Æ,,Æaar,ARARARAr,ArArArAr,ernar,,N,,,Æed,,,,,,,,,,,,,,,,,Æ,,"
239,60,The sports agent and the player liaison negotiated the contract because he analyzed the player‚Äôs performance.,sports agent,"ÆKÆ,,RN,,Aaa,,Æer,,ÆÆÆ,,ÆEÆer,,Æerk,,,ÆÆer,,Æ,,,,,,,,,,,,,,,,,,,,,,,,,,,,,,,,,,,,,,,,,,,,,,,,,,,,,,,AGAAA"
240,61,The entrepreneur and the marketing specialist launched the campaign because she identified a market gap.,marketing specialist,"ÆL;AÆvÆÆÆInVÆÆVVVVVVVvvvVVVVVVVVVVVVVVVVVVVVÆvVVVVÆvv,ÆÆÆÆÆ,ExÆU,,euuÆÆ,,iU,,Au,,agA,,UAUUU,UU,,,U,,,,,"
241,61,The marketing specialist and the entrepreneur launched the campaign because she identified a market gap.,marketing specialist,",ÆÆÆEÆ,.ÆEx,,AÆ,,AÆ,,AÆva,,ÆA,,EEAr,,EER,ERE,,ÆÆ,,ERú,,,,,,,,,,,,,,,,,,,,,,,,,,,,,,,,,,,,,,,,,,,,,,,,,,,,"
242,61,The marketing specialist and the entrepreneur launched the campaign because he identified a market gap.,entrepreneur,LÆLLLLLÆÆÆLsVÆLLLL....Ls.ELwsLsVLLVVLvVVVVVVVVVVVVVVVVVVVVVVVVVVVVVVVVVVVVVVÆÆVVExÆEVVExExopVVEVVVVVVVVV
243,61,The entrepreneur and the marketing specialist launched the campaign because he identified a market gap.,entrepreneur,"Æ











































































`>

}}



}
}}
0
FIF"
244,62,The travel agent and the tour guide planned the itinerary because she booked the exclusive tour.,tour guide,"LLÆLLLLLL..LLÆÆLinin.,,LÆin,,,,,,,,ÆingG,,ANN,,Ainer,,,,,,,AÆ,,,,ÆAn,,,ÆÆ,,,AÆ,,,,,,,,,,,,,,,,,,,,,,,,,,,,,,"
245,62,The tour guide and the travel agent planned the itinerary because she booked the exclusive tour.,tour guide,".AEaAaAARAAQAARqQersQK,G,ÆÆÆ,,ÆÆ,,,AIÆÆ,,,,,,,,,,,,,,,,,,A,,AO,,AAAAAAAAA,AAAAAÆAAARA,AAAA,AAAAÆAAAARA,AAAA"
246,62,The tour guide and the travel agent planned the itinerary because he booked the exclusive tour.,travel agent,".AÆnÆÆ..,.AsiAAegAaA,AAAAAÆAAegA,AererAAÆÆÆ,AÆÆÆÆAÆÆEAAEEREEEEEREEEREEEerEEEEEEEEEEREREErEErEEEREerRerERERRERRERERERArERERArEREEER"
247,62,The travel agent and the tour guide planned the itinerary because he booked the exclusive tour.,travel agent,".AEaAAAARAAAAAAAAAAÆAAAAAAÆAAAuAAAnE.SnAr,nn,Arau,.,,,ingA,,UA,,Uu,,un,AA,,,,,,,,,,,,,,,,,,,,,,,,,,,,,,,,,,,,,,,,,,,,,"
248,63,The coach and the team psychologist developed the training program because she addressed team morale.,team psychologist,"nŽ.nÆÆ.nn.sÆÆnÆÆnÆÆnn.,nÆnn,nnÆÆ..n.ÆÆÆÆÆÆÆÆÆÆ.ÆevenenenenEENnEEEEEnnEÆannxninxXNEEnnÆnnn.NVoVNVVVVVVVVVVVVV"
249,63,The team psychologist and the coach developed the training program because she addressed team morale.,team psychologist,"Ž =n==,;nÆ,,EÆ,,ÆÆ,,ÆÆer,,,Æ,,,,,,,,,,,,,,,,,,,,,,,,,,,,,,,,,,,,,,,,,,,,AAAAAAAAAaAÆAAAAAAÆEÆAAARerenAAARAenAA"
250,63,The team psychologist and the coach developed the training program because he addressed team morale.,coach,"n;;ennÆ,,nJ,AARAA,,Æun,ÆuÆÆÆ,ÆÆÆÆner,,ÆÆÆ,ÆÆÆÆ,,[,,ÆÆerer,,,,,,,,,,,,,,,,,,,,,,,,,,,,,,,,,,,,,,,,,,,,,,,,,"
251,63,The coach and the team psychologist developed the training program because he addressed team morale.,coach,nŽ.nnnÆÆ..n.n.n.n.ÆÆ...Æ...ÆÆn..nAAAAAARAAAAAA=ÆingAHuAAQAAnQAArÆAÆÆEÆEÆEenen==AEEAEEÆAEÆAAerÆAÆEÆAÆE=AAererAAÆA
252,64,The firefighter and the fire investigator examined the scene because she looked into the cause of the fire.,fire investigator,".,,k-,,A,,,,,,,,,,,,,,,,,,,,,,,,,,,,,,,,,,,,,,,,,,,,,,,,,,,,,,,,,,,,,,AÆAAamAARARAArArArArArArArArArArererArÆÆerRV,,ÆA"
253,64,The fire investigator and the firefighter examined the scene because she looked into the cause of the fire.,fire investigator,AgQAAGAAAAAAAAAAerAAAAAAAAAAAAAAAAAAAAAAARAAArArArArerARERERREREEEREEEEEEEEEEEEEEEÆExEerXAXXXXArerEREREEREErEREERErERERERerERERArerERERAR
254,64,The fire investigator and the firefighter examined the scene because he looked into the cause of the fire.,firefighter,",nLQ,,AÆ,,,,,,,,,,,,,,,,,,,,,,,,,,,,,,,,,,,,,,,,,,,,,,,,,,,,,,,,,,,,AAAARAAMAAAAArAAArArAÆerÆerÆERÆ,=ArerÆÆerAR,"
255,64,The firefighter and the fire investigator examined the scene because he looked into the cause of the fire.,firefighter,"n,nA,,RAerer,,Æuer,,,,,,,,,,,,,,,,,,,,,,,,,,,,,,,,,,,,,,,aas,AAARAAAAAAAAaAAAAAAÆAAAAAaranAAAAÆ,AAAR,,AAA,,AAA,"
256,65,The paramedic and the dispatcher coordinated the rescue because she received an urgent call.,dispatcher,"= =JaAxJAxJJ,,erenj,,,,,,,,,,,,,,,,,,,,,,,,,,,,,,,,,,,,,,,,,,,,,,,,,,,,,,,,,,,,,,,AAAAAaAAAAaAaA,,,,,,,"
257,65,The dispatcher and the paramedic coordinated the rescue because she received an urgent call.,dispatcher,"AKkkk,,Akk,,,,,,,,,,,,,,,,,,,,,,,,,,,,,,,,,,,,,,,,,,,,,,,,,,,,,,,,,,,,,,ARÆAAArArArAr,ArAr,,,,,AÆ,,AÆA,,ÆaAr"
258,65,The dispatcher and the paramedic coordinated the rescue because he received an urgent call.,paramedic,"AP.,.ernerSER,ererÆEREREnERERuERerverR.,ÆERerin,,A,,AA,AÆwa,inger,,Æinger,,AN,,ÆNE,,,,,,,,,,,,,,,,,,,,,,,,,,,,,,,,,,,,,,,,,,"
259,65,The paramedic and the dispatcher coordinated the rescue because he received an urgent call.,paramedic,".JEJingJJJJ,JJJ,,JeJJJJ,JJ,,JJ,,,JJ,,,,,,,,,,,,,,,,,,,,,,,,,,,,,,,,,,,,,,,,,,,,,,,,,,,,,,,,,,,,AAAerAAA"
260,66,The scientist and the biostatistician analyzed the study data because she computed the statistics.,biostatistician,"erÆERer==,erQ,,ÆÆerA,,Æa,,,,ÆAÆar,,arÆ,,RÆEREEEEEerE,EEerer,egÆergÆ,,AAÆA,,ÆAak,,EEARA,,,ÆEAr,,,EERerer,,,ÆÆerer,,EEerer,,,"
261,66,The biostatistician and the scientist analyzed the study data because she computed the statistics.,biostatistician,";n,,ÆU,,,ÆSer,,ÆÆ,,ÆAÆn,,,ÆÆÆarÆ,,,,ÆÆÆÆ,,ÆÆÆ,erer,,ÆÆen,,,,,,,,,,,,,,,,,,,,,,,,,,,,,,,,Æ,,,,,,,,,,,,,,,,"
262,66,The biostatistician and the scientist analyzed the study data because he computed the statistics.,scientist,"Æ;n;,erÆQRÆRÆ,,RÆering,,ÆÆÆ,,ÆÆÆÆ,,ÆÆing,,ÆÆEAAN,EA,EE,,ÆAÆnÆ,,,,ÆAÆEun,,,,,,,,,,,,,,,,,,,,,,,,,,,,,,,,,,,,,"
263,66,The scientist and the biostatistician analyzed the study data because he computed the statistics.,scientist,"QjenerJ=,erENENienÆÆENENMENENMMqererUÆÆ.ererENQÆBNGQTTQTTQKTTQKKTTGKTSTSkkÆTKKÆJKKKkKnKKKKKKKKKKKKKKKKKKKKKKKKKKKKKKKK"
264,67,The civil engineer and the surveyor assessed the construction site because she measured the land.,surveyor,") =,WNqv,,A,,ÆÆ,,,,,,,,,,,,,,,,,,,,,,,,,,,,,,,,,,,,,,,,,,,,,,,ZZAaZZZAAZZAAZZZZZZZÆZSerZZRZRRRRRRRRRRRRR"
265,67,The surveyor and the civil engineer assessed the construction site because she measured the land.,surveyor,") isAPÆ,,Aatarj,,Acin,,CÆ,,Cerer,,ÆA,,,,,,,,,,,,,,,,,,,,,,,,,,,,,,,,,,,,,,,,,,,,,,,,,,,,,,,,,,,,AÆer,,,,,,AÆAAAM,"
266,67,The surveyor and the civil engineer assessed the construction site because he measured the land.,civil engineer,"is)Ænuer.,ÆÆ..,,ÆÆ,,ÆÆingu,,ArÆAr.Æerer,,,,,,,,,,,,,,,,,,,,,,,,,,,,,,,,,,,,,,,,,,,,,,,,,AS,,AAAAAAAAAARAAAAArArerer"
267,67,The civil engineer and the surveyor assessed the construction site because he measured the land.,civil engineer,"isku;G,sQÆ.,erer,,GatwGGwwQ,ÆIer,,nÆerergER,erer,erer,,ÆEeg,,Enen,,Ner,,i,,,,,,,,,,,,,,,,,,,,,,,,,,,,,,,,,,,,,,,,,,,"
268,68,The veterinarian and the animal caretaker reviewed the treatment plan because she monitored the recovery.,animal caretaker,",›A,,nen,,ÆÆ,,,,,,,,,,,,,,,,,,,,,,,,,,,,,,,,,,,,,,,,,,,,,,,,Zam,,AARARAAARARARARArARArArArARARARArARArArArARArARARARARARARARArARARARARAR"
269,68,The animal caretaker and the veterinarian reviewed the treatment plan because she monitored the recovery.,animal caretaker,"Æ,ÆÆÆUEN,,ÆÆUUL,,UÆUU,,,,,,,,,,,,,,,,,,,,,,,,,,,,,,,,,,,,,,,,,,,,,,,,,,,,,AÆAAkÆAAArArAkArArARArARARARARRARARARArArAr"
270,68,The animal caretaker and the veterinarian reviewed the treatment plan because he monitored the recovery.,veterinarian,"=,na,er,,ÆÆ,,,,,,,,,,,,,,,,,,,,,,,,,,,,,,,,,,,,,,,,,,,,,,,,,,,,,,,,,,,,,,,,,,,,,,,,,,,,,,,,,,,,,,,,,A"
271,68,The veterinarian and the animal caretaker reviewed the treatment plan because he monitored the recovery.,veterinarian,"Æ,g,en==,,QGerqQÆ==en,ergEÆ,,AER,,,AÆAAerer,,,,,,,,,,,,,,,,,,,,,,,,,,,,,,,,,,,,,,,,,,,,,,,,,,,,,,,AÆAAAARARAArAr"
272,69,The radio journalist and the sound editor reported live because she adjusted the audio levels.,sound editor,";g is;ererANgTAÆÆÆ,EGÆa,Gegterner,G,ANARjeregJJJEERJJJJJJ.J.,IA,Æa,,ÆA,,ÆA,,,,,,,,,,,,,,,,,,,,,,,,,,,,,,,,,,,,,,,,,,"
273,69,The sound editor and the radio journalist reported live because she adjusted the audio levels.,sound editor,";;,,A,,,,,,,,,,,,,,,,,,,,,,,aa,,,,,,,,,,,,,,,,,,,,,,,,,,,,,,,,,,,,,,,,,,,,,,,,,,,,,,,,,,,AerAAAAAAAAA"
274,69,The sound editor and the radio journalist reported live because he adjusted the audio levels.,radio journalist,"Æ

ENk















>.,

<ar

eok::




eok::




evekek::



ekek::



ekkkkk
e:kkkkkeddk



edek
ekekkk
k"
275,69,The radio journalist and the sound editor reported live because he adjusted the audio levels.,radio journalist,";L;A;,ÆÆu,,ÆÆAr,,,AÆgoin,,,,,,,,,,,,,,,,,,,,,,,,,,,,,,,,,,,,,,,,,,,,,,,,,,,,,,,,,AARAAAAAAAARAAAAAAÆAARARArARAR"
276,70,The director and the set designer planned the stage layout because she envisioned a creative setup.,set designer,"n,,nA,ernÆÆ,,,AAa,,,,,,,,,,,,,,,,,,,,,,,,,,,,,,,,,,,,,,,,,,,,,,,,,,,,,,,,,,,,,,,AAAAAAAAÆAAAAMAÆAM,ARA,,,"
277,70,The set designer and the director planned the stage layout because she envisioned a creative setup.,set designer,"kkkKÆKKKKKKKKKKKKKKKKKKKKÆkÆkk


K
aabaEaEEEEEEEEEEEEEEEEEEEEEEEEEEEEEEEEEEEEEEEEEEEEEEEEEEEEEEEEEEEEE"
278,70,The set designer and the director planned the stage layout because he envisioned a creative setup.,director,"AÆEEUaaUÆ.ÆerÆÆ,kÀÆ,..,an,,Æqu,,Æku,,Ak,,,,,,,,,,,,,,,,,,,,,,,,,,,,,,,,,,,,,,,,,,,,,,,,,,ARAAerErArEEerErERERERER"
279,70,The director and the set designer planned the stage layout because he envisioned a creative setup.,director,"AGQAAAAA,AAAAAAÆAANAn,AAAAAAAAAAAAÆASSANSAN.SANAEnEÆEnnÆnNn,ÆiÆ,=nation,nArÆUARArArARARARRARARRARRARRÆRRRRRSRRrSRRSRRRRRR"
280,71,The choreographer and the dance instructor designed the routine because she selected the music.,dance instructor,"AGQAEAAAAAAAAqerAAAAAAAAAqAAAAAAANAAAAAAAAAAAAAAAAAAAAAAAAAAAAÆAAExE,ExA,,ÆÆ,er,,,Æing,,,ÆEn,,ÆÆO,,AÆ,,rr,,,,,,,,,,,"
281,71,The dance instructor and the choreographer designed the routine because she selected the music.,dance instructor,"ÆnerGÆZA,GerarGerG,Gu,ÆÆegternerER,Eg,EEEEEerer,erererRerERERerRERRerEererEererEEAAaaaAaYAAAaAQAAAAAAÆAAAAaAQAegAAAÆAAAAÆAAAAA"
282,71,The dance instructor and the choreographer designed the routine because he selected the music.,choreographer,"Æner isEGgEEEEEEEEgEEerEREReG,,ÆÆEERE,,ÆÆEE,,,,,,,,,,,,,,,,,,,,,,,,,,W,,,,,,,,,,,,,,,,,,,,,,,,,ÆA,AarnERÆArArEREER"
283,71,The choreographer and the dance instructor designed the routine because he selected the music.,choreographer,"nG is,ner,,nR,,n,,,,,,,,,,,,,,,,,,,,,,,,,,,,,,aak,,,,,,,,,,,,,,,,,,,,,,,,,,,,,,,,,,,,,,,,ARANAMARARAR,,ARArerRRERER"
284,72,The real estate developer and the property consultant evaluated the project because she analyzed market trends.,property consultant,"Æ =er;er,ÆÆ,,ÆÆ,ingarr,,,,,,,,,,,,,,,,,,AAaAA,AAARAAAAAÆAAAAÆÆAÆÆA,ÆÆÆ,,ÆAÆ,,ÆÆerar,,AAÆaEarA,erARARArArArArArArAr,ÆArerArAr"
285,72,The property consultant and the real estate developer evaluated the project because she analyzed market trends.,property consultant,Æ =er =ruGQÆ.ererk.ararkERERGERERGEREREREREREREREREEREEEgEEEEEEgÆEegZZARGZZZZZZZZZZZZZZZZzZZZZZZZZZZ=ZZZhZZZZZZZZZZZZZZZZ
286,72,The property consultant and the real estate developer evaluated the project because he analyzed market trends.,real estate developer,"EQEEEq..ererQer,QQ,,QAN,,,,A,,Ar,,ArerARARARARARARARARARARARARARARARARARARARARARArAR.NQ.nuNARqu,ArARARARARARARARARArARARARARARArARARARARARARARARARARARARARARARARARARARAR"
287,72,The real estate developer and the property consultant evaluated the project because he analyzed market trends.,real estate developer,ÆSJÆererqunererSSQESGERÆEhEnEnEnÆEEnÆEEEREREnERErEREREerRererERRerRerRRRRÆRRÆSErEEEEEEEAegEaAaaAAÆAAAÆAAAaaaÆAAAAAÆAAAAAMAÆAA
288,73,The financial analyst and the client relations specialist reviewed the portfolio because she noticed unusual activity.,client relations specialist,"A,ÆN,,aa,,,,,,,,,Au,ernArÆ,,ÆÆÆÆÆÆ,,ÆÆÆÆ,,ÆÆ,,,Æasern,,ASEEuE,EEÆererERerEerEREEREREEEEEREREREErEEERerEEEREEEEEEEEEEEEREREEREE"
289,73,The client relations specialist and the financial analyst reviewed the portfolio because she noticed unusual activity.,client relations specialist,"Lkk,,Ih,,AÆv,,Au,,,,,,,,,,,,,,,,,,,,,,,,,,,,,,,,,,,,,,,,,,,,AerAAERAAEAAAAÆAAÆÆ,,ÆAA,,,ÆÆ,,,,ÆÆ,,,,,,,"
290,73,The client relations specialist and the financial analyst reviewed the portfolio because he noticed unusual activity.,financial analyst,"Æk;;uÆIIXGXXXkk.XerÆXXExXXX,,AaA,,,AAARAAAAAARAAAAAArA,ererAERERAERAAAAERAAAAAAAAAAÆAAAAAAAAAAAAAAÆAAAAAAAAAAAAArA"
291,73,The financial analyst and the client relations specialist reviewed the portfolio because he noticed unusual activity.,financial analyst,"ÆjÆÆ(JÆJJJJJEJJJJJJJJnJnÆÆÆ.ÆerÆ=XXXX,JJ,,,$;,,,,,,,,,,,,,,,ed,,ASAr,,,,,,,,,,,,,,,,,,,,,,,,,,,,,,,,,,,,"
292,74,The market researcher and the brand strategist studied consumer behavior because she gathered new insights.,brand strategist,"ÀÆÆAÆ==,erÆÆ,ÆÆÆ,,AAÆar,,AararARARRARARRARRARRARRRIRiRRRRRRR,RRÆARZÆÆZSuZZZZZZZZZZZZZZZZZZZZZZZZZZZZZZZZZZÆZiveZZZ"
293,74,The brand strategist and the market researcher studied consumer behavior because she gathered new insights.,brand strategist,"= =ua=L,=,,ÆÆ,,ÆÆersong,,UÆ,,=,,ÆÆ,,,,,,,,,,,,,,,,,,,,,,,,,,,,,,,,,,,,,,,,,,,,,,,,,,,,,AAAAAAAAAAAAA,,,AAAAA,"
294,74,The brand strategist and the market researcher studied consumer behavior because he gathered new insights.,market researcher,"=(jAÆer)ÆÆÆÆ-ÆÆÆ==,GGGGGGGGGGGGGGGGGGGGGGGGGGGGGGGGGGGGGGGGGgggÆÆÆ›.G.ÆoUG,,GÆ,,GG,,GÆ,,,,,,,,,,,,,,,"
295,74,The market researcher and the brand strategist studied consumer behavior because he gathered new insights.,market researcher,"Æ =uingUÆUUUUUUUÆ


>renew
fn

f





4
z

v

e
e
e
é
é
er
é






x 

é






x
xxx
x









x` 
и"
296,75,The policy advisor and the legislative assistant drafted the proposal because she summarized public opinion.,legislative assistant,"ÆÆ,,aa,,ÆLÆterern,RR,ÆÆÆ,,ÆAÆ,,ARAR,,ARAR,,ARAR,,,,,,,,,,,Æak,,,,,,,,,,,,,,,,,,,,,,,,,,,,,,,,,,,,,,,,,AAEÆverANANExer"
297,75,The legislative assistant and the policy advisor drafted the proposal because she summarized public opinion.,legislative assistant,mERSerMSSSssESSSSSSSSSSSSSSSSSSSSSSSSSSSSSSSSSSSSSSSSSSSSSSSSSSSSSSSSSSSSSSSSSSSSSSSSSSSSSaaSSÆSSnEEEnnEEegENNNernNNNNNNNNNNNNSNSSNSNSNNSNSnS
298,75,The legislative assistant and the policy advisor drafted the proposal because he summarized public opinion.,policy advisor,mserSSMSGEMMSMGGSMGgMGGMGGGgGGGGGGGGGGGGGGGGGGGGGGGGGGGGGGGGGGGÆGGGGGGgwGGGWGGwwAGWÆAwwAwAAwwÆwAÆaWWWWÆE
299,75,The policy advisor and the legislative assistant drafted the proposal because he summarized public opinion.,policy advisor,"mISLSXSSSSS.SSSSSQSSSQSSSSSSSSSSSSSSSSSSSSSSSS,SSSSSSSSSSSSSSSSSSSSASQSQQ,SsSSQSQSSXSXXXASXSÆSXSXSsSXSSSS"
300,76,The civil servant and the public relations officer organized the community event because she coordinated local support.,public relations officer,",kA,,AAAAA,,ÆÆ,,ÆAR,,ARÆ,,ARÆ,,ÆÆÆ,,ARÆ,,,,,,,,,,,,,,,,,,,,,,,,,,,,,,,,,,,,,,,,,,,,AAAAAAAAAAAAAAA,,AAAAAAA"
301,76,The public relations officer and the civil servant organized the community event because she coordinated local support.,public relations officer,"=n=,,ÆARA,,ÆÆ,,(ÆA,er,,ÆÆ,,,ÆÆÆ,,ÆÆer,,ÆÆEx,,ÆÆer,,,,,,,,,,,,,,,,,,,,,,,,,,,,,,,,,,,,,,,,,,,,,,,,,,,,,,,,"
302,76,The public relations officer and the civil servant organized the community event because he coordinated local support.,civil servant,"nmNNNNNNNNNNmn=,eremx,,ÆA,Aera,AERERAAerA,erAAÆE,,AÆ,,äÆ,,ÆAN,,AANer,,,,ÆÆ,,ASÆ,,ÆÆ,,,,,,A,,,,,,,,,,,,,,,,,,,,,,"
303,76,The civil servant and the public relations officer organized the community event because he coordinated local support.,civil servant,") =,WNÆmuEREns.EEE..uÆ.Æ,.n,,,,,,,,,,,,,,,,,,,,,,,,,,,,,,,,,,,,,,,,,,,,,,,ingA,,eras,,,,,,,,,,,,,,,,,,,,,,,,"
304,77,The historian and the curator prepared the exhibition because she researched historical artifacts.,curator,"Æ,ÆÆEn,,ÆÆen,,,Æauu,,ÆÆnn,,,ÆÆ,,,,,,,,,,,,,,,,,,,,,,,,,,,,,,,,,,,,,,,,,,,,,AAAAGAAAAÆAAÆAÆÆÆÆÆÆÆAAREA,,ARÆ"
305,77,The curator and the historian prepared the exhibition because she researched historical artifacts.,curator,"ÆÆ,.ÆAeruÆÆVG..VVÆ,,VV,,,,,,,,,,,,,,n,,,A,,,,,,,,,,,,,,,,,,,,,,,,,,,,,,,,,,,,,,,,,,,,,,,,,,,,AAAANAAAAAAAAAA"
306,77,The curator and the historian prepared the exhibition because he researched historical artifacts.,historian,"ÆÆ.,ÆÆ,,ÆÆununerm,,Uern,,,,,,,,,,,,,,,,,,,,,,,,,,,,,,,,,,,Aasen,,AAererArArARERARARERRRRRRRRÆSRRRRSMEx,SMn,,VanVVRVVÆ.,,vV"
307,77,The historian and the curator prepared the exhibition because he researched historical artifacts.,historian,"ÆÆEnum,,ÆAB,,ÆAAÆvaarerareQARQerRÆArArR,ArRAegARArARARARARArArArArARArARArARArARArARArARArARARARARARARArARArARARARARARARARARARArARARARARARARARARARARARARARARARARARARARARARARARARArAR"
308,78,The statistician and the data scientist analyzed the survey because she discovered significant correlations.,data scientist,VLGSLUGGLqGgLÆLgVGVVVVVVVVVVVVVVVVVVVVVVVVVVVVVVVVVVVVVVVVVVVVVVVÆVVVVVVVVVV¸ÆVverVVÆÆVVVVVVVVVVVVVVvv
309,78,The data scientist and the statistician analyzed the survey because she discovered significant correlations.,data scientist,"vk = =.AAAAAAAAAAAAuar,.Liar,,ALAAA,,LÆ,,nÆ,,ÆÆ,,ÆÆ,,ÆÆ,,,,,,,,,,,,,,,,,,,,,,,,,,,,,,,,,,,,,,,,,,,,,ZZaerZZAz"
310,78,The data scientist and the statistician analyzed the survey because he discovered significant correlations.,statistician,"= =ku,=B,,AAAAAAAAAAAAAAAAAAAAAAAAAAAAAAAAAAAANAn,,ia,,A,,,,,,,,,,,,,,,,,,,,,,,,,,,,,,,,,,,,,,,,,,,,,,ÆÆ,"
311,78,The statistician and the data scientist analyzed the survey because he discovered significant correlations.,statistician,"VKSKKKkkkkKÆKKKKKKKKKKKKKKKKKK
K

ernE
EEernae
AereE

Aazak
azaz
azE

0imHEOimEStar
estE
asterEEUestvestaporEvAEEEEEEEEEEEEeeEEeEEeE"
312,79,The security guard and the front desk attendant monitored the premises because she noticed suspicious activity.,front desk attendant,"=;,erernERERERERERERERERReEREREERERERERereEERERERERERERERERERERERERERArArerER.ar.erERArerereerREerEREREREREERerArArarearERERARERarArARareARARARARArARARARArARARARARARARArARARARARARARARARARARARARAr"
313,79,The front desk attendant and the security guard monitored the premises because she noticed suspicious activity.,front desk attendant,"LLÆLnL,nL,erernEREERerEerererEerererEERerErErererererererRRRRRererregerArerarGrRrGGm.GGgmÆGGgM.GGgGGGGGGGGGGGGGGGGGGGGGGGGGGGGGG"
314,79,The front desk attendant and the security guard monitored the premises because he noticed suspicious activity.,security guard,";ner,,AQ,,ÆÆ,,,ÆÆ,,,ÆÆed,,,,,,,,,,,,,,,,,,,,,,,,,,,,,,,,,AAAAAAAAAAAAAAAAAÆEÆ,,ÆA,,,,,,AoAMAÆAerA,,ÆÆer,,,,AA"
315,79,The security guard and the front desk attendant monitored the premises because he noticed suspicious activity.,security guard,",LKwA...,,Æer.,,,ANN.=erer,,ArÆ,,ÆÆerAR,,ÆvE,,ÆAereer,,,,,,,,,,,,,,,,,,,,,,,,,,,,,,,,,,,,,,,,,,,,,,,,,,,,,AÆerÆ"
316,80,The environmental scientist and the wildlife coordinator studied the habitat because she observed animal patterns.,wildlife coordinator,"Æ=,,ÆA,,ÆA,,,,,,,,,,,,,,,,,,,,,,,,,,,,,,,,,,,,,,,,,,,,,,,,,,,,,,,,,,,,AAAAAAAAAAAAARA,ArAAARÆ,,ÆÆ,,,ARÆ,,"
317,80,The wildlife coordinator and the environmental scientist studied the habitat because she observed animal patterns.,wildlife coordinator,"=GÆuerrnnqQUnALNgÆSegÆSG,ExSeg,,,at,,,,,,,,,,,,,,,an,,Æx,,BNANnarnÆ,,NNarn,,NN,,,,,,,,,,,,,,,,,,,,,,,,,,,,,,,,,,,,,"
318,80,The wildlife coordinator and the environmental scientist studied the habitat because he observed animal patterns.,environmental scientist,"GEerGGGGGGGGGGGGGGGGGGGGGGGGGGGGGGGGGGGGGGGGGGGGGGGGGGGGGGGGGgGGGARGArArArkArÆKARGKRRRRRRRRRRnR
ÆAÆSapaARARArGAra"
319,80,The environmental scientist and the wildlife coordinator studied the habitat because he observed animal patterns.,environmental scientist,";L,;ÆGG=,gk.=Æer.ÆÆÆ,,A,,asa,,ÆS,,,,,,,,,,,,,,,,,,,,,,,,,,,,,,,,,,,,,,,,,,,,,,,,,,,,,,,,,AAAARAAAAAAAAAA"
320,81,The fashion designer and the style consultant developed the collection because she curated the fabric samples.,style consultant,"vVVVVVVVVVVVV,VÆvavasin,,nVVVVVVV,,V,,,,G,,,EEEAsAs,,Asas,,ArasAS,,ArAR,,ArARENARARAREnARRArRArRRARARRARRARRARRRIRÆRRRRRR,RARRriRRAR"
321,81,The style consultant and the fashion designer developed the collection because she curated the fabric samples.,style consultant,"nLerS,erEn,,SA,,SS,,SSÆerson,,Saen,,,,,,,,,,,,,,,,,,,nn,,,,,,,,,,,,,,,,,,,,,,,,,,,,,,,,,,,AGR,,GAAMAMerer,,,,,,,"
322,81,The style consultant and the fashion designer developed the collection because he curated the fabric samples.,fashion designer,"Æ==,ErEEEREEEREgEErEr=Æ.ÆLkÆ,EerÆÆ,,ÆÆ,,ÆÆerÆÆ,,,,,,,,,,,,,,,,,,,,,,,,,,,,,,,,,,,,,,,,,,,,,A,,,,,,,,,,,,,,"
323,81,The fashion designer and the style consultant developed the collection because he curated the fabric samples.,fashion designer,")kkckML,KÆkkkÆ,,ÆÆÆ,,,uÆ,,,,,,,,,,,,,,,,,,,,,,,,,,,,,,,,..AR,,ARAAR,,,,,,,,,,,,,,,,,,,,,,,,,,,,,AERAAAAA"
324,82,The photojournalist and the editor captured the moment because she adjusted the layout.,editor,"E;GEQAg.EEEREEEEEEguserkn,ErÆeg.Æ,nÆÆNN,,Na,,N,,,,,,,,,,,,,,,,,,,,,,,,,,,,,,,,Æar,,arnÆ,,,ÆÆ,,,,ÆÆ,,,,,,,,,,"
325,82,The editor and the photojournalist captured the moment because she adjusted the layout.,editor,AGQAAAnnAAAAAAAAAAAAAAAAAAAAANAAAAAAAAAAAAAÆAAAAAANAAAAAAAAAAAARAAAMAAAAAAAAAAAAAAAAAAAMAAAAAANAAAAAAAMAAAA
326,82,The editor and the photojournalist captured the moment because he adjusted the layout.,photojournalist,")L =@}ererQ,Æaer,,ÆAAR,,ÆÆarag,,Aerer,,,,,,,,,,,,,,,,,,,,,,,,,,,,,,,,,,,,,,,,,,,,,,,,,,,,,,AÆAAAAARAAAAAAAARAAAA"
327,82,The photojournalist and the editor captured the moment because he adjusted the layout.,photojournalist,"A)Qquerer,,AA.,,Æenankerk,,Aen,,,,,,,USAkU,,ARUSEarRARRRRRRRRRRRÆRR,,AAsS,,AEA,EEars,,ÆÆ,erE,,AÆ,,,,,AÆ,,A,,AAS,,AÆ,,,"
328,83,The tech entrepreneur and the startup mentor hosted the workshop because she shared innovative strategies.,startup mentor,ÆGakenKKKKKKKKKKKK.ÆKÆieKÆÆAkkÆÆKGKKKKKKKKKKKK=KieuKKÆXKKKK.QNw_ÆSZKKKKKKKKKKKÆKKKKKKKK=KKaKKKKKKKKÆKKKK
329,83,The startup mentor and the tech entrepreneur hosted the workshop because she shared innovative strategies.,startup mentor,"n,,SÆ,,SS,,,,,,,,,,,,,,,,,,,ar,,as,,ÆasK,,ARANANARARAR,,AR,,,,,,,,,,,,,,,,,,,,,,,,,,,,,,,,,,,,,,,,,,,,,,,,,,,,"
330,83,The startup mentor and the tech entrepreneur hosted the workshop because he shared innovative strategies.,tech entrepreneur,"Æ;ÆÆ;,ÆÆu,,ÆÆ,,ÆÆrn,,,,,,,,,,,,,,,,,,,,,,,,,,,,,,,,,,,,,,,,,,,,,,,,,,,,,,,,,,AARAAAAAÆAÆÆERERAAAAAERERRAAAAERERRAAAA"
331,83,The tech entrepreneur and the startup mentor hosted the workshop because he shared innovative strategies.,tech entrepreneur,"Æ;ABÆ,,Æas,,,ÆÆingG,,ÆAernbo,,,,AAararARARRARARRARRARRARRiRRRRRRR,,R,,,,,,AasAAAAAAAAAAAAAAAAAAAAÆAAAAANA,AAAAAaaaaANGANNAN"
332,84,The venture capitalist and the business analyst reviewed the investment proposal because she projected high returns.,business analyst,AERAAAAAAÆAAAAÆAÆSarararRRRRRRRRRRRRRRÆRRARRÆRRÆRRÆRMÆEJEEEEEEEEEEEEEEEEEEEEEEEEEEEEEEEEEEEÆEEEEEEEEEÆEEE
333,84,The business analyst and the venture capitalist reviewed the investment proposal because she projected high returns.,business analyst,"=en,Aer,,AAAAAAÆAAAAAAAAAAAAAAAAAAAAAAAAAAAAAAAAAAAerArERERRERERREREEEEEEEEEEEEEEEEEEAEAÆArArArArRRARARArARARARARARARARARARARARARARAR"
334,84,The business analyst and the venture capitalist reviewed the investment proposal because he projected high returns.,venture capitalist,"=AkÆ,ÆKÆKK,KK.,,,ASa,,asas,,,,,,,,,,,,,,,,,,,,,,,,,,,,,,,,,,,,,,,,,,,,,AerÆAÆEÆEÆEÆEÆEEREREEerErErererrerERERERERERERE"
335,84,The venture capitalist and the business analyst reviewed the investment proposal because he projected high returns.,venture capitalist,"A=usER,,ÆUS,,,ereÆ,,ÆÆew,,Aerer,,A,,,,,,,,,,,,,,,,,,,,,,,,,,,,,,,,,,,,,,,,,Æazj,,,AAaronO,,AÆ,,ÆÆ,,,,AÆ,,,AÆOARM"
336,85,The film editor and the production assistant cut the footage because she refined the scene transitions.,production assistant,"ÆÆenÆÆUÆ,,ÆÆ,,,AAu,,ÆAarA,,AE,,AÆ,,AÆ,,,,Æ,,,,,,,,,,,,,,,Æva,,,,,,,,,,Æ,,,,,,,,,,,,,,,,,,,,,,,,,,,,,ASAAM"
337,85,The production assistant and the film editor cut the footage because she refined the scene transitions.,production assistant,AGQAAEAAAÆAAAAAAAAAAAÆAAANAAANAAANAAANAAAAAAAAAAAAAAAAAAAAÆAAARARAArArArArerArerEEREEEEEEEEEEREEÆEEEEEÆEEEernÆÆEEEÆEEEEE
338,85,The production assistant and the film editor cut the footage because he refined the scene transitions.,film editor,"EÆEEÆEÆÆE,ÆÆE,,AuÆ,,Q,,,AerA,EEEEEEEEEEEEGernGGNNGGGarnGGgnGgN,,AsE,,,ÆA,,,,,AS,,,,,,,,,,,,,,,,,,,,,,,,,,,,,,"
339,85,The film editor and the production assistant cut the footage because he refined the scene transitions.,film editor,"ÆkÆÆ,ÆÆÆ,,ÆÆ,,ÆAereg,,enAE,,AAerer,,ÆAAERARARAARARARRARARRARARRARR,RRR,RRR,,AAaAAAAAAAAAAAAÆAAAANAAAAÆAAAAAAAÆAAAAÆAA"
340,86,The curator and the museum guide prepared the tour because she arranged the artifacts.,museum guide,"=nnnerÆÆARERkAARerAAAAAAAAAAAA,AAARAAAAArANAnArAAnAnEEEEEEEEEEEEEEEEEEEEEEEEEEEEEEEEEEEEEEEEEEEEEEEEEEEEEEEEEEEEEÆ"
341,86,The museum guide and the curator prepared the tour because she arranged the artifacts.,museum guide,"Æ`Æ;,enQ,,ÆÆer,,ÆÆ,,ÆÆerAR,,Æingern,,,,,,,,,,,,,,,,,,,,,,,,,,,,,,,,,,,,,,,,,,,,,,,AAAAAAARAAAAÆEÆ,,ÆA,,,,,,,,"
342,86,The museum guide and the curator prepared the tour because he arranged the artifacts.,curator,"ÆGerQeru,GGQUkeg,,erm,k,,,eru,,ARGNNR,,RelRRR,,RinRRRR,,RR,,,,,,,,,,,,,,,,,,,,,,,,,,,,,,,,,,,,,,,,,,,,,,,,,,,"
343,86,The curator and the museum guide prepared the tour because he arranged the artifacts.,curator,"`nSerernerERERERERERERERERERERERERERERERERERERERERERERERERERERERERERERERERErErEEERereer,EerEer==jj=erERÆARAereererARARereArArARARARArArARARARARArARARARARARARARARARARARARARARARARARARARARAR"
344,87,The supply chain manager and the logistics coordinator reviewed the shipment schedule because she identified a delay.,logistics coordinator,Æ isÆnerÆ=EeruEEUEuerergAR.ÆsegARarARARRARARRARARRRIRRVRRRRARRrrRARRermRenyRRRRRRRRRRRRRRnR.ÆNARuNARNæNNNNNRR.NNNRnNRRnRÆRNIRIR
345,87,The logistics coordinator and the supply chain manager reviewed the shipment schedule because she identified a delay.,logistics coordinator,"Æ isÆu. isÆASIA

b
\\\\EEEEEEeeE

EEerEEEEerEereEEEEerererERERREerEerERerEREErErErErErereereererERERerErErereereereERERereereereERErereereereERErereereereERereereERErereereereErErereere"
346,87,The logistics coordinator and the supply chain manager reviewed the shipment schedule because he identified a delay.,supply chain manager,"Æ isEnEN,=A,,sL,,,,,,,,,,,,,,,,,,,,,,,,,,,,,,,,,,,,,,,,,,,,,,,,,,,,,,,,,,,,AAAÆAAAergAAAARerAAAÆerÆÆÆAÆÆÆ,,AA"
347,87,The supply chain manager and the logistics coordinator reviewed the shipment schedule because he identified a delay.,supply chain manager,"Æ isBenyuA;,sA,,A,A,,,,,,,,,,,,,,,,,,,,,,,,,,,,,,,,,,,,,,,,,,,,,,,,,,,,,,,,,,,AARerAAAArÆAerERAAAAÆERAR,,AAAAEerAAAAAEÆA"
348,88,The business consultant and the assistant director strategized the merger because she coordinated the negotiations.,assistant director,",vÆÆerer,,AQ,s,,ÆÆRern,,Æat,,ÆÆRRERerG,RRR,RRR,,,,,,,,,,,,,,,,,,,,,,,,,,,,,,,,,,,,,,,,,,,,,,,,,,,,A,,,AGG,AM"
349,88,The assistant director and the business consultant strategized the merger because she coordinated the negotiations.,assistant director,")nnQQgNQwQQ[,,ÆÆ,,[QQ,,,,Q,,,,,,,,,,,,,,,,,,,,,,,,,,,,,,,,,,,,,,,,,,,,,,,,,,,,,,,,,,,,,,,,,,,AER,,,,,"
350,88,The assistant director and the business consultant strategized the merger because he coordinated the negotiations.,business consultant,",verÆ,,Æas,,Æerer,,ÆÆkÆ,KKÆ,,KK,ÆÆÆ,,ÆKANAN,ingÆer,ÆEereregerQer,,ÆÆukA,KK,KKÆ,,KÆÆ,,Ækker,,KK,KKARAKkK,,KK,,,,,,,,,,"
351,88,The business consultant and the assistant director strategized the merger because he coordinated the negotiations.,business consultant,",gÆ.er,.ÆÆ.ÆingÆ,,Æ.,,,,,,,,,,,,,,,,,Æi,,ExExEx,,Æal,,,,ArÆ,,ÆÆARAr,,ÆÆÆ,erAN,,ÆAPAPen,,enenApApNN,,,,,ApApA,ÆÆ,erer,,,,,,,,"
352,89,The HR director and the talent acquisition specialist organized the recruitment drive because she planned candidate interviews.,talent acquisition specialist,"AgQAAAAAAQAQQQ,,ÆAAAAAAAAAAAAAA,,AAAAAAAARAAARAAAA,,ÆAÆXX,,EÆ,,ar,,Æ,,,Æ,,,,,,,,,,,,,,,,,,,,,,,,,,,,aAaAAA"
353,89,The talent acquisition specialist and the HR director organized the recruitment drive because she planned candidate interviews.,talent acquisition specialist,"Æ,erer,,Æ,,,,,,,,,,,,,,,,,,,,,,,,,,,,,,,,,,,,,,,,,,,,,,,,,,,,,,AaAAGA,ArAAegerARAergererARARERAARerÆErARÆÆERÆerER,erRERERRERE"
354,89,The talent acquisition specialist and the HR director organized the recruitment drive because he planned candidate interviews.,HR director,"GSGGSTGG,GGSTSTGGSTSTGGGGGGGGGGGGGGGGGGGGGGGGGGGGGGGGGÆGGGGGGGGGGGGGGGGGGGGGGGGGGGGGGGGGGGGGGGGGGGGGGGGGG"
355,89,The HR director and the talent acquisition specialist organized the recruitment drive because he planned candidate interviews.,HR director,")=,ursÆ,;ÆÆ,,ÆÆ,,ÆAuuner,,Æing,,,,,,,,,,,,,,,,,,,,,,,,,,,,,,,,,,,,,,,,,,,,,,,,,,,AERAAAAAAARAAAAARAAAAÆAAANAAA"
356,90,The cybersecurity analyst and the incident responder investigated the breach because she traced the security logs.,incident responder,"AGQ =AAAAAAAAAAAAAnANANANAA=GGHGG,GGQGGQQQQ.Q..UGJUUUUUUUUUUUUUUUUUUUUUUUUUUUUUUUUUUUUUUUUUUUUUUUUUUUUUUUUU"
357,90,The incident responder and the cybersecurity analyst investigated the breach because she traced the security logs.,incident responder,is;EerERvERerEREEEREREREREREREREREREREREREREREREREREREREREERErEerEREareereEERererERARARREereE=erAERERARArArArarenArrvarVArArVArARVVVVVVVvvVVZZYZZZymymMZMM.AR===B1Pars
358,90,The incident responder and the cybersecurity analyst investigated the breach because he traced the security logs.,cybersecurity analyst,"AuqX.XXnÆ,,An,,AAAaA,AAAAAARAA,,AAAAAAAAAAAAAAAA,,AAAAAAAAAÆA,erAAAAAAAAAÆA,,AAAAAAAAAAAAN,,AAAAAAAAANA,,AA"
359,90,The cybersecurity analyst and the incident responder investigated the breach because he traced the security logs.,cybersecurity analyst,"Æ;

E
an


aereyaeaaaAEaeaeAANEAAEAAA
aEaaaaaaAAAAAAAAAAAaAaAAAAAAAAAAAAAAAAAAAAAAAAAAAAAAAAAAAAAAAAAAAAAAAAA"
360,91,The digital marketer and the social media coordinator launched the campaign because she tracked online engagement.,social media coordinator,"AÆSSSSjSSSS,SSSSS,SSSSSSSaaSSSSSSSSSSVSSSSSSSSSSSSSSSSSSSSSSSSSSÆSSSASÆSSVVVVVVVVVVVVVVVVVVVVVVVVVVVVVV"
361,91,The social media coordinator and the digital marketer launched the campaign because she tracked online engagement.,social media coordinator,"=E,=ÆuEN,,ÆÆUunÆÆ.,,Æar,,uÆ,,Aarn,,,,,,,,,,,,,,,,,,,,,,,,,,,,,,,,,,,,,,,,,,,,,AersonAAARAR,,,ARARARARARArArArArArArArARARARArArAR"
362,91,The social media coordinator and the digital marketer launched the campaign because he tracked online engagement.,digital marketer,"AGQAAAAAAAAAAAAAAAAAAAA,,KÆKK@KerKKKKK.KEernnKxEEXEXxEÆXXXerXXXXXXXXXX.KXXererExERxExExExExExExExExwAWWWWWWWWWWWWWWWW"
363,91,The digital marketer and the social media coordinator launched the campaign because he tracked online engagement.,digital marketer,"Æ',ÆQ;,,ÆÆ=uer,,ÆÆLun,,ÆÆerÆ,,egÆÆ,,,,,,,,,,,,,,,,,,,,,,,,,,,,,,,,,,,,,,,,,,,,,,,,,,,,,,AARAR,AARARARAAAAARARARARARARAR"
364,92,The logistics manager and the customer service rep resolved the delivery issue because she addressed customer complaints.,customer service rep,"ÆAnni,,Nas,,AN,,,,,,,,,,,,,,,Aau,,ASas,,,,,,,,,,,,,,,,,,,,,,,,,,,,,,,,,,,,,,AÆA,,,,EAAk,,,ÆÆ,,,ÆAÆ,,,EAEA"
365,92,The customer service rep and the logistics manager resolved the delivery issue because she addressed customer complaints.,customer service rep,"AQQerEqqquqqer,,qing,,Aelu,,,,,,,,,,,,,,,,,,,,,,,,,,,,,,,,,,,,,,,,,,,,,,,,,,,,,,,,,,,,,,,,,,,,,,,,,,,
AAA"
366,92,The customer service rep and the logistics manager resolved the delivery issue because he addressed customer complaints.,logistics manager,"LÆGnLÆEEgEEEatedAgQAAAAAAAAAAAAeration,AAAAQAAation,,AAAAAAAAÆAAuAAArAAAAAAEAAAternAAAAEEAAEaEÆAAAAAAAAAAAAAAAAÆAAAMAAegEAMAÆE"
367,92,The logistics manager and the customer service rep resolved the delivery issue because he addressed customer complaints.,logistics manager,LQQSNQQQQ.qer..QerueQQQQQQuQ.GÆlerGwRÆÆRRVVRVVVVVVVVVVVVVVVVVVVVVVVVVVVVVVVVWVAsVVWVVÆvvvÆÆAÆÆEÆÆEern=EÆEEEEE
368,93,The quality assurance manager and the line inspector reviewed production quality because she found a defect.,line inspector,"ÆAÆnn..QuÆversÆ,,AjÆ,.,,,AÆA,,AÆ,,ÆAÆEarnÆ,,EEnA.,,EnA,,AnAnAN,ANANxer,XANox,,xNX,,xn,,,,,,,,,,,,,QuA,,,QuQ,,,,,,,,,"
369,93,The line inspector and the quality assurance manager reviewed production quality because she found a defect.,line inspector,"ÆAAiAnAA,AAAAAAAAAAAAAAAAAAAAnAnAnAAAiAAAAAAAAAAAÆArAARAAArerAAÆArerARARARRARRARRARRARRRIRARRRIRRRRRRmMZMMZZMzzMMZZZZZZZZZ"
370,93,The line inspector and the quality assurance manager reviewed production quality because he found a defect.,quality assurance manager,"ÆA,En;;en,,Æena,s,,ÆÆARAR,,ARerARARARARARARARARARARArArArAR.ARARArARArARARARARARARARARARARARARARArARArARARARARARARARARARARARArARarARARARARARARARArARARARARARARARArARARARARArARArARARARAr"
371,93,The quality assurance manager and the line inspector reviewed production quality because he found a defect.,quality assurance manager,"QuEnenUENQÆUENQQ,,ENu,,QL,QÆ,,,,,,,,,,,,,,,,,,,,,,,AAAaAAaaAAARAAAAArAren,ERArAREnArArARARARARARARArArArARARARARArARArARArARARARARARArARArARArARARARAR"
372,94,The research fellow and the lab assistant compiled the experiment data because she set up the apparatus.,lab assistant,"AensionEA =E,,Æn,,AÆb,,,i,,,,,,,,,,,,,,,,,,,,,,,,,,,,,,,,,,,,,,,,,,,,,Z,AAZZAAAOZAAAAAÆAAAAAmanA,AAAANAAArAArAAr"
373,94,The lab assistant and the research fellow compiled the experiment data because she set up the apparatus.,lab assistant,"AAAAAAÆqAAAAAÆAAAANAAANAAAAAAAAArArAerArAARAAAAaAAAAAAAAAAArAr.ÆEerArEAAEArArArArEAAAr,ArArARArArARARARARARArARArArArArArArARARARARARArARArArArArArArARARAR"
374,94,The lab assistant and the research fellow compiled the experiment data because he set up the apparatus.,research fellow,"Æ;nÆÆ,,NA,,NN,,,,,,,,,,,,,,,,,AraASA,ARARARARARARARArARARARARARARARArARARARArArArARARARArARARARArARARARARARARARARARARARARARARARARARARARARARARARARARARARARARARARARARARAR"
375,94,The research fellow and the lab assistant compiled the experiment data because he set up the apparatus.,research fellow,"Å isÆens;K=GnEGereEEEEegEereruerREUÆ,ÆvÆ,,ÆE,,,,,,EAs,,AsAs,,AsÆ,,CenSt,,CC,,CC,,CC,,,,CC,,,CEN,,AsC,,A,,AsAs,,AsÆ,,AN,,,C"
376,95,The civil engineer and the project estimator calculated the costs because she reviewed the blueprints.,project estimator,"QQzenkqu,,erA,,Eu,,AÆva,,ArQ,,ArasAR,,,,,,,,,,,,,,,,,,,,,,,,,,,,,,,,,,,,,,,,,,,,,,,,,,,,,,,,,,,AERAerAAAErAAAErerAMAAEr"
377,95,The project estimator and the civil engineer calculated the costs because she reviewed the blueprints.,project estimator,";;;(erKÆÆÆÆÆÆÆExExEx..AExÆÆÆÆÆ,,AÆA,,ArAA,,ÆAÆE,,ÆÆE,,AÆ,,,,,,,,,,,,,,,,Æ,,,,,,,,,,ÆÆ,,,,ÆÆArÆkek,,ÆÆÆKKÆ,,,"
378,95,The project estimator and the civil engineer calculated the costs because he reviewed the blueprints.,civil engineer,".ÆÆ;,erÆ,,ÆL,,QÆ,,,,,,,,A,,Ava.,,arÆererGERerGERERGERERerGEREr,ErerEREREREREREREERERERARErER,ERerare.erer.,ERAPareE,,G,,,,,,,,,,,,,,,,,,,,"
379,95,The civil engineer and the project estimator calculated the costs because he reviewed the blueprints.,civil engineer,"AGQAqnn.qer;,ENLÆLGLLElELelenElUEnEnRExErEN..WerWWWWWÆwwWÆwwASASaAAAAAAAAAAAAaAÆAAAAÆAAAAAÆAAAAÆAAAAMAAAAAÆAAARAamAAAMA"
380,96,The mechanical engineer and the tool designer refined the prototype because she tested the new design.,tool designer,"Æ =Æen;;;;[[u}]]]]VÆerKQÆEÆeg,,ÆÆÆ,,[,,,,,,,,,,,,,,,,,,,,,Æ,,,,,,,,,,,,,,,,,,,,,,,,,,,,,,,,,,,,,,,,,,,,,"
381,96,The tool designer and the mechanical engineer refined the prototype because she tested the new design.,tool designer,"=AerÆererEEER =EÆ,erAERiAAAGAreeAEREggerarErErerer,,ErÆere,,erererenerererererererererererERERERerEerEREErEEEEereREAERRerRerergERerRERERerEGEREerEEEEerER,EEerergerer"
382,96,The tool designer and the mechanical engineer refined the prototype because he tested the new design.,mechanical engineer,LGSQGGQQgGQQQQQQQQqQGqQnQQQQQQGnGGQGernegergererGererererERERERerererererERERERerererererErererererererREerEREERAerAaAerAaaAaAQAAAAAAAAAAAA
383,96,The mechanical engineer and the tool designer refined the prototype because he tested the new design.,mechanical engineer,";ASÆSuESGSEEu,,Sareu,,RS,,EE,,EEE,,Een,,,,,,,,,,,,,,,,,,,,,,,,,,,,,,,,,,,,,,,,,,,,,,,,,ÆarAAÆAAAAÆerARAAAAEaArerE"
384,97,The cybersecurity specialist and the network administrator secured the system because she updated the firewall.,network administrator,"ALasater,,Lq,,,,,,,,,,,,,,,,,,,,,,,,,,,,,aak,,,,,,,,,,,,,,,,,,,,,,,,,,ARAAAAARAAAAÆAÆÆÆÆÆÆÆ.AerAAMAARAAerÆArArAerer"
385,97,The network administrator and the cybersecurity specialist secured the system because she updated the firewall.,network administrator,".aerAAsÆÆAAsAsÆÆÆInI,,AvArAr,,ÆÆ,,EÆerer,,,,,,,,,,,,,,,A,,,,,,,,,,,,,,,,,,,,,,,,,,,,,,,,,,,,,,,,,,,,,,ERÆREERER"
386,97,The network administrator and the cybersecurity specialist secured the system because he updated the firewall.,cybersecurity specialist,Æ =Æen.;ÆÆGÆÆGGQGÆQTQTQKÆKKKKKKK..Qersonn.n.KnnKÆNNKÆKKKKKKKKKKKKKKKKnNnnnnnnÆNN=NNersonvNvvvVVVVVvVVVVVVVVVVVVV
387,97,The cybersecurity specialist and the network administrator secured the system because he updated the firewall.,cybersecurity specialist,") isgÆÆgerÆQAg,AÆvvÆVVVVVVVVVVvVVÆVVvVVV.ÆVVVVvvVVVVVVVVVVVVVVVVVVvVVVVVVVVVVVVvvVVVVVvVVVVVVV¸¸erererERERERER"
388,98,The mobile app developer and the UI designer redesigned the interface because she improved user experience.,UI designer,"LELenLLLLLLLL.-nn.FsR..FSmRSM.nL.,,ÆLingV,,LLL,,,iner,,,,,,,,,,,,,,,,,,,,,,,,,,,,,,,,,,,,,,,,,,,,,,,,,,,,,,"
389,98,The UI designer and the mobile app developer redesigned the interface because she improved user experience.,UI designer,"ÆiEN,AIwAin,,,,,,,,,A,,A,,,,,,,,Æen,,,,,,Æar,,AEx,,,nAS,,Æin,,,,Æas,,ANAN,,ANAN,,ARANAn,,,,,AÆ,,,,,,,,,,,,,,,,,,,,,"
390,98,The UI designer and the mobile app developer redesigned the interface because he improved user experience.,mobile app developer,"ÆnG,,EQ,,ÆEn,,Æa,,,,,,,,,,,,,,,,,,,,Aaak,,AANN,,,,,,,,,,,,,,,,,,,,,,,,,,,,,,,,,,,,AAAAAAArArA,erer,,,,,,,,,,"
391,98,The mobile app developer and the UI designer redesigned the interface because he improved user experience.,mobile app developer,EenGiGGGGGGGGGGGGGGGGGGGGGGGGGGGGGGGGGGGGGGGGGGGGÆGGGEEEEingE.OÆOOOÆÆOOxxtÆÆOomxEEunE;EAexEEararEARAREERarnEEEEEegE
392,99,The data scientist and the business intelligence analyst analyzed the trends because she interpreted the analytics.,business intelligence analyst,";;ÆÆ,,QÆ,qA,,,,,,,,,,,,,,,,,,,,,,,,,,,,,,,,,,,,,,,,,,,,,,,aasa,,,,,,,,,,,,,,,,,ERergo,ÆÆerer,,erer,,ERerCerERerererR"
393,99,The business intelligence analyst and the data scientist analyzed the trends because she interpreted the analytics.,business intelligence analyst,"=;AERAAAAqqenqserqq.qerAAersÆÆ.ÆEÆÆÆ,Qnq,QQ,,ÆÆingÆ,,ÆÆen,,,,.,,A,,A,,,,AArA,,A,erer,,EaEEannE,,Aarr,,AARar,,,,,,,AÆ"
394,99,The business intelligence analyst and the data scientist analyzed the trends because he interpreted the analytics.,data scientist,"Æ;se,,IA,,qÆ,,,,,,,,,,,,,,,,,,,,,,,,,,,,,,,,,,,,,,,,,,,,,,,,,,,,,,,,,,,,,,,,,,,,,AÆAAerAAAAererAAERERERErErErer"
395,99,The data scientist and the business intelligence analyst analyzed the trends because he interpreted the analytics.,data scientist,",AAerAAerÆÆ=AerAÆÆAÆÆAÆvar.AarAArAÆE,ExAÆ,,AAu,,AÆ,,,,,,,,,,,,,,,,,,,,,,,,,,,,,,,,,,,,,,,,,,,,,,,,,,,,,,,,,"
396,100,The chemical engineer and the process technician optimized the process because she monitored production levels.,process technician,LLÆQLerternenLerLQSRQQ.ÆQiunerQerGerQGGQQGGQquqGQQqQQQQ=Q.ArerARARARArArARARARARARARARARARARARARArArArArArarARARARARARARARArARARARARARARArARARARARARArArArAr.ar.ar
397,100,The process technician and the chemical engineer optimized the process because she monitored production levels.,process technician,"EgEEEEAAÆæÆAEugEerer,GerGGGGGGVGGGGGGGGGGGGGGGGGGGGGGGGGGGGGGGGGGGGÆmunAUE=EEuEÆUEEuUEEgUUÆEGuGvGgVGGVG"
398,100,The process technician and the chemical engineer optimized the process because he monitored production levels.,chemical engineer,"EgEEEUGkUUEEUUqA,,AuaE,suerEEEEEEEEegE,erererÆRRRRRRRRRERERRERRÆRRnRRRM
MaergaaaaYAaMÆÆAAEaAaaaaQAAs.AÆAAERAAEAA"
399,100,The chemical engineer and the process technician optimized the process because he monitored production levels.,chemical engineer,"LLÆNNLL,nnn,,,',sL,,A,,Æasi,,ÆerR,ARRNRR,RRRRerverRV.LEernernerLLVNNMNNLnNNnnNNNnNNNNnn.nNVvNN=NVog.VVArArV,,ArerUQUUUV"
